fileName,nailIndex,source,status,reasons,areaRatio,boundsContainment,centerInside,bounds
0132d6d2f15c7eeb06c6b20b2b9899db.jpg,1,sam2-box,pass,,0.4618,0.9977,True,"[496.0, 614.0, 669.0, 841.0]"
0132d6d2f15c7eeb06c6b20b2b9899db.jpg,2,sam2-box,pass,,0.5022,1.0,True,"[665.0, 623.0, 866.0, 835.0]"
0132d6d2f15c7eeb06c6b20b2b9899db.jpg,3,sam2-box,pass,,0.5184,0.8856,True,"[779.0, 812.0, 969.0, 993.0]"
0132d6d2f15c7eeb06c6b20b2b9899db.jpg,4,sam2-box,pass,,0.4121,1.0,True,"[811.0, 972.0, 962.0, 1074.0]"
0132d6d2f15c7eeb06c6b20b2b9899db.jpg,5,sam2-box,pass,,0.5667,1.0,True,"[529.0, 869.0, 774.0, 1038.0]"
0132d6d2f15c7eeb06c6b20b2b9899db.jpg,1,sam2-guided,pass,,0.4443,1.0,True,"[496.0, 616.0, 667.0, 841.0]"
0132d6d2f15c7eeb06c6b20b2b9899db.jpg,2,sam2-guided,pass,,0.4956,1.0,True,"[665.0, 623.0, 865.0, 835.0]"
0132d6d2f15c7eeb06c6b20b2b9899db.jpg,3,sam2-guided,pass,,0.5006,0.8944,True,"[779.0, 814.0, 967.0, 991.0]"
0132d6d2f15c7eeb06c6b20b2b9899db.jpg,4,sam2-guided,pass,,0.3945,1.0,True,"[811.0, 972.0, 962.0, 1064.0]"
0132d6d2f15c7eeb06c6b20b2b9899db.jpg,5,sam2-guided,pass,,0.5591,1.0,True,"[529.0, 870.0, 765.0, 1037.0]"
0132d6d2f15c7eeb06c6b20b2b9899db.jpg,1,fastsam,pass,,0.4457,0.9975,True,"[500.0, 614.0, 669.0, 821.0]"
0132d6d2f15c7eeb06c6b20b2b9899db.jpg,2,fastsam,pass,,0.5013,1.0,True,"[669.0, 623.0, 863.0, 832.0]"
0132d6d2f15c7eeb06c6b20b2b9899db.jpg,3,fastsam,pass,,0.5131,0.9084,True,"[782.0, 814.0, 965.0, 992.0]"
0132d6d2f15c7eeb06c6b20b2b9899db.jpg,4,fastsam,pass,,0.397,1.0,True,"[812.0, 974.0, 960.0, 1062.0]"
0132d6d2f15c7eeb06c6b20b2b9899db.jpg,5,fastsam,pass,,0.5665,1.0,True,"[531.0, 872.0, 763.0, 1035.0]"
02a57340bbd2ef39c02e66b503f077a0.jpg,1,sam2-box,pass,,0.5148,1.0,True,"[162.0, 475.0, 401.0, 591.0]"
02a57340bbd2ef39c02e66b503f077a0.jpg,2,sam2-box,pass,,0.4881,0.9897,True,"[74.0, 556.0, 209.0, 809.0]"
02a57340bbd2ef39c02e66b503f077a0.jpg,3,sam2-box,pass,,0.4823,0.9572,True,"[239.0, 570.0, 329.0, 831.0]"
02a57340bbd2ef39c02e66b503f077a0.jpg,4,sam2-box,pass,,0.4435,1.0,True,"[384.0, 578.0, 500.0, 835.0]"
02a57340bbd2ef39c02e66b503f077a0.jpg,5,sam2-box,pass,,0.3628,1.0,True,"[521.0, 611.0, 587.0, 823.0]"
02a57340bbd2ef39c02e66b503f077a0.jpg,6,sam2-box,pass,,0.2519,1.0,True,"[640.0, 329.0, 788.0, 505.0]"
02a57340bbd2ef39c02e66b503f077a0.jpg,7,sam2-box,pass,,0.2854,0.8455,True,"[747.0, 293.0, 879.0, 561.0]"
02a57340bbd2ef39c02e66b503f077a0.jpg,8,sam2-box,pass,,0.4011,1.0,True,"[956.0, 462.0, 1053.0, 743.0]"
02a57340bbd2ef39c02e66b503f077a0.jpg,9,sam2-box,suspect,prompt_center_outside_polygon,0.25,0.8986,False,"[1004.0, 398.0, 1125.0, 518.0]"
02a57340bbd2ef39c02e66b503f077a0.jpg,10,sam2-box,pass,,0.4736,1.0,True,"[1004.0, 364.0, 1204.0, 518.0]"
02a57340bbd2ef39c02e66b503f077a0.jpg,1,sam2-guided,pass,,0.4968,1.0,True,"[163.0, 476.0, 400.0, 586.0]"
02a57340bbd2ef39c02e66b503f077a0.jpg,2,sam2-guided,pass,,0.4768,0.9936,True,"[75.0, 559.0, 207.0, 808.0]"
02a57340bbd2ef39c02e66b503f077a0.jpg,3,sam2-guided,pass,,0.468,0.9646,True,"[240.0, 570.0, 327.0, 829.0]"
02a57340bbd2ef39c02e66b503f077a0.jpg,4,sam2-guided,pass,,0.3736,1.0,True,"[395.0, 577.0, 477.0, 827.0]"
02a57340bbd2ef39c02e66b503f077a0.jpg,5,sam2-guided,pass,,0.388,1.0,True,"[521.0, 611.0, 612.0, 822.0]"
02a57340bbd2ef39c02e66b503f077a0.jpg,6,sam2-guided,pass,,0.2498,1.0,True,"[640.0, 330.0, 787.0, 506.0]"
02a57340bbd2ef39c02e66b503f077a0.jpg,7,sam2-guided,pass,,0.1744,1.0,True,"[796.0, 304.0, 943.0, 568.0]"
02a57340bbd2ef39c02e66b503f077a0.jpg,8,sam2-guided,pass,,0.399,1.0,True,"[954.0, 463.0, 1053.0, 744.0]"
02a57340bbd2ef39c02e66b503f077a0.jpg,9,sam2-guided,suspect,prompt_center_outside_polygon,0.25,0.8986,False,"[1004.0, 398.0, 1125.0, 518.0]"
02a57340bbd2ef39c02e66b503f077a0.jpg,10,sam2-guided,pass,,0.3888,1.0,True,"[1004.0, 395.0, 1198.0, 514.0]"
02a57340bbd2ef39c02e66b503f077a0.jpg,1,fastsam,pass,,0.5279,1.0,True,"[155.0, 476.0, 403.0, 580.0]"
02a57340bbd2ef39c02e66b503f077a0.jpg,2,fastsam,pass,,0.4901,1.0,True,"[78.0, 555.0, 210.0, 806.0]"
02a57340bbd2ef39c02e66b503f077a0.jpg,3,fastsam,pass,,0.4635,0.9721,True,"[243.0, 570.0, 327.0, 827.0]"
02a57340bbd2ef39c02e66b503f077a0.jpg,4,fastsam,pass,,0.3904,1.0,True,"[399.0, 576.0, 475.0, 836.0]"
02a57340bbd2ef39c02e66b503f077a0.jpg,5,fastsam,suspect,polygon_extends_beyond_prompt,1.1514,0.498,True,"[519.0, 611.0, 650.0, 978.0]"
02a57340bbd2ef39c02e66b503f077a0.jpg,6,fastsam,suspect,polygon_extends_beyond_prompt|polygon_too_large,1.8627,0.3032,True,"[611.0, 297.0, 873.0, 812.0]"
02a57340bbd2ef39c02e66b503f077a0.jpg,7,fastsam,suspect,prompt_center_outside_polygon,0.2366,0.8061,False,"[742.0, 292.0, 873.0, 489.0]"
02a57340bbd2ef39c02e66b503f077a0.jpg,8,fastsam,pass,,0.3963,1.0,True,"[959.0, 462.0, 1055.0, 741.0]"
02a57340bbd2ef39c02e66b503f077a0.jpg,9,fastsam,suspect,polygon_extends_beyond_prompt,0.567,0.4839,True,"[959.0, 462.0, 1055.0, 741.0]"
02a57340bbd2ef39c02e66b503f077a0.jpg,10,fastsam,suspect,polygon_extends_beyond_prompt,0.8055,0.7077,True,"[1008.0, 379.0, 1278.0, 546.0]"
075757517fbb6e42840328dcfd1c984b.jpg,1,sam2-box,pass,,0.5347,1.0,True,"[145.0, 698.0, 290.0, 900.0]"
075757517fbb6e42840328dcfd1c984b.jpg,2,sam2-box,pass,,0.4256,0.9836,True,"[275.0, 610.0, 400.0, 837.0]"
075757517fbb6e42840328dcfd1c984b.jpg,3,sam2-box,pass,,0.2892,1.0,True,"[389.0, 603.0, 500.0, 746.0]"
075757517fbb6e42840328dcfd1c984b.jpg,4,sam2-box,pass,,0.2223,1.0,True,"[501.0, 661.0, 604.0, 846.0]"
075757517fbb6e42840328dcfd1c984b.jpg,5,sam2-box,suspect,prompt_center_outside_polygon,0.343,0.723,False,"[646.0, 445.0, 760.0, 660.0]"
075757517fbb6e42840328dcfd1c984b.jpg,6,sam2-box,suspect,prompt_center_outside_polygon,0.2759,0.8321,False,"[841.0, 462.0, 937.0, 612.0]"
075757517fbb6e42840328dcfd1c984b.jpg,7,sam2-box,pass,,0.3094,0.785,True,"[848.0, 460.0, 949.0, 614.0]"
075757517fbb6e42840328dcfd1c984b.jpg,8,sam2-box,pass,,0.3124,0.8377,True,"[950.0, 527.0, 1041.0, 684.0]"
075757517fbb6e42840328dcfd1c984b.jpg,9,sam2-box,pass,,0.6812,0.8989,True,"[1085.0, 669.0, 1250.0, 927.0]"
075757517fbb6e42840328dcfd1c984b.jpg,10,sam2-box,pass,,0.808,0.8467,True,"[0.0, 1060.0, 118.0, 1294.0]"
075757517fbb6e42840328dcfd1c984b.jpg,1,sam2-guided,pass,,0.4629,1.0,True,"[151.0, 696.0, 283.0, 887.0]"
075757517fbb6e42840328dcfd1c984b.jpg,2,sam2-guided,pass,,0.3411,1.0,True,"[278.0, 610.0, 395.0, 797.0]"
075757517fbb6e42840328dcfd1c984b.jpg,3,sam2-guided,pass,,0.301,1.0,True,"[389.0, 602.0, 512.0, 748.0]"
075757517fbb6e42840328dcfd1c984b.jpg,4,sam2-guided,pass,,0.3892,1.0,True,"[502.0, 662.0, 658.0, 859.0]"
075757517fbb6e42840328dcfd1c984b.jpg,5,sam2-guided,pass,,0.5748,0.8549,True,"[667.0, 435.0, 844.0, 632.0]"
075757517fbb6e42840328dcfd1c984b.jpg,6,sam2-guided,pass,,0.2946,0.9753,True,"[765.0, 382.0, 862.0, 571.0]"
075757517fbb6e42840328dcfd1c984b.jpg,7,sam2-guided,pass,,0.3094,0.785,True,"[848.0, 460.0, 949.0, 614.0]"
075757517fbb6e42840328dcfd1c984b.jpg,8,sam2-guided,pass,,0.4762,0.901,True,"[951.0, 528.0, 1089.0, 758.0]"
075757517fbb6e42840328dcfd1c984b.jpg,9,sam2-guided,pass,,0.7006,0.9594,True,"[1096.0, 672.0, 1250.0, 945.0]"
075757517fbb6e42840328dcfd1c984b.jpg,10,sam2-guided,pass,,0.4869,1.0,True,"[0.0, 1087.0, 92.0, 1290.0]"
075757517fbb6e42840328dcfd1c984b.jpg,1,fastsam,suspect,polygon_extends_beyond_prompt|polygon_too_large,1.8886,0.3588,True,"[130.0, 699.0, 332.0, 1192.0]"
075757517fbb6e42840328dcfd1c984b.jpg,2,fastsam,pass,,0.3127,1.0,True,"[295.0, 609.0, 393.0, 769.0]"
075757517fbb6e42840328dcfd1c984b.jpg,3,fastsam,suspect,prompt_center_outside_polygon,0.2487,1.0,False,"[390.0, 603.0, 486.0, 742.0]"
075757517fbb6e42840328dcfd1c984b.jpg,4,fastsam,suspect,prompt_center_outside_polygon|polygon_extends_beyond_prompt,0.6181,0.5681,False,"[503.0, 665.0, 695.0, 955.0]"
075757517fbb6e42840328dcfd1c984b.jpg,5,fastsam,suspect,polygon_extends_beyond_prompt|polygon_too_large,1.5738,0.3363,True,"[647.0, 383.0, 862.0, 868.0]"
075757517fbb6e42840328dcfd1c984b.jpg,6,fastsam,suspect,prompt_center_outside_polygon,0.2618,1.0,False,"[768.0, 383.0, 861.0, 527.0]"
075757517fbb6e42840328dcfd1c984b.jpg,7,fastsam,suspect,prompt_center_outside_polygon|polygon_extends_beyond_prompt,0.3307,0.6998,False,"[840.0, 460.0, 939.0, 612.0]"
075757517fbb6e42840328dcfd1c984b.jpg,8,fastsam,pass,,0.353,0.8284,True,"[948.0, 529.0, 1040.0, 682.0]"
075757517fbb6e42840328dcfd1c984b.jpg,9,fastsam,suspect,polygon_extends_beyond_prompt,1.1566,0.5979,True,"[1069.0, 614.0, 1257.0, 981.0]"
075757517fbb6e42840328dcfd1c984b.jpg,10,fastsam,suspect,polygon_extends_beyond_prompt,1.1067,0.6161,True,"[2.0, 1008.0, 133.0, 1292.0]"
19e1ff892bc03296309118564517395c.jpg,1,sam2-box,pass,,0.4023,0.8047,True,"[242.0, 778.0, 355.0, 954.0]"
19e1ff892bc03296309118564517395c.jpg,2,sam2-box,pass,,0.6497,0.8141,True,"[372.0, 695.0, 495.0, 964.0]"
19e1ff892bc03296309118564517395c.jpg,3,sam2-box,pass,,0.398,0.9622,True,"[477.0, 714.0, 606.0, 899.0]"
19e1ff892bc03296309118564517395c.jpg,4,sam2-box,suspect,prompt_center_outside_polygon,0.4268,0.8421,False,"[571.0, 710.0, 729.0, 951.0]"
19e1ff892bc03296309118564517395c.jpg,5,sam2-box,pass,,0.4685,0.8921,True,"[794.0, 364.0, 934.0, 605.0]"
19e1ff892bc03296309118564517395c.jpg,6,sam2-box,pass,,0.7046,0.8227,True,"[890.0, 290.0, 1055.0, 571.0]"
19e1ff892bc03296309118564517395c.jpg,7,sam2-box,suspect,prompt_center_outside_polygon|polygon_too_small,0.0884,1.0,False,"[1001.0, 305.0, 1071.0, 432.0]"
19e1ff892bc03296309118564517395c.jpg,8,sam2-box,suspect,prompt_center_outside_polygon|polygon_extends_beyond_prompt,0.5903,0.7115,False,"[1063.0, 464.0, 1220.0, 717.0]"
19e1ff892bc03296309118564517395c.jpg,9,sam2-box,suspect,prompt_center_outside_polygon,0.3089,0.8005,False,"[46.0, 1076.0, 142.0, 1214.0]"
19e1ff892bc03296309118564517395c.jpg,1,sam2-guided,pass,,0.4144,0.8794,True,"[242.0, 791.0, 355.0, 1003.0]"
19e1ff892bc03296309118564517395c.jpg,2,sam2-guided,pass,,0.6301,0.8365,True,"[371.0, 698.0, 493.0, 962.0]"
19e1ff892bc03296309118564517395c.jpg,3,sam2-guided,pass,,0.3811,0.9698,True,"[477.0, 719.0, 605.0, 899.0]"
19e1ff892bc03296309118564517395c.jpg,4,sam2-guided,suspect,prompt_center_outside_polygon,0.1639,0.9542,False,"[581.0, 732.0, 726.0, 951.0]"
19e1ff892bc03296309118564517395c.jpg,5,sam2-guided,pass,,0.3728,1.0,True,"[822.0, 394.0, 930.0, 586.0]"
19e1ff892bc03296309118564517395c.jpg,6,sam2-guided,pass,,0.6849,0.8354,True,"[895.0, 291.0, 1058.0, 561.0]"
19e1ff892bc03296309118564517395c.jpg,7,sam2-guided,suspect,prompt_center_outside_polygon|polygon_too_small,0.0884,1.0,False,"[1001.0, 305.0, 1071.0, 432.0]"
19e1ff892bc03296309118564517395c.jpg,8,sam2-guided,suspect,polygon_too_small,0.0926,1.0,True,"[1079.0, 461.0, 1154.0, 580.0]"
19e1ff892bc03296309118564517395c.jpg,9,sam2-guided,suspect,prompt_center_outside_polygon,0.2098,0.9884,False,"[48.0, 1083.0, 127.0, 1214.0]"
19e1ff892bc03296309118564517395c.jpg,1,fastsam,pass,,0.3781,0.8964,True,"[253.0, 808.0, 356.0, 958.0]"
19e1ff892bc03296309118564517395c.jpg,2,fastsam,suspect,polygon_extends_beyond_prompt|polygon_too_large,2.8903,0.1841,True,"[376.0, 695.0, 640.0, 1244.0]"
19e1ff892bc03296309118564517395c.jpg,3,fastsam,pass,,0.3533,0.9459,True,"[481.0, 720.0, 608.0, 871.0]"
19e1ff892bc03296309118564517395c.jpg,4,fastsam,suspect,prompt_center_outside_polygon|polygon_extends_beyond_prompt,1.0837,0.3702,False,"[512.0, 690.0, 847.0, 961.0]"
19e1ff892bc03296309118564517395c.jpg,5,fastsam,suspect,polygon_extends_beyond_prompt|polygon_too_large,2.3078,0.2547,True,"[677.0, 359.0, 959.0, 787.0]"
19e1ff892bc03296309118564517395c.jpg,6,fastsam,suspect,polygon_extends_beyond_prompt|polygon_too_large,4.5315,0.1491,True,"[620.0, 288.0, 1081.0, 843.0]"
19e1ff892bc03296309118564517395c.jpg,7,fastsam,suspect,polygon_extends_beyond_prompt,0.2309,0.6638,True,"[964.0, 306.0, 1064.0, 455.0]"
19e1ff892bc03296309118564517395c.jpg,8,fastsam,suspect,prompt_center_outside_polygon|polygon_extends_beyond_prompt,0.3764,0.5633,False,"[1032.0, 476.0, 1129.0, 632.0]"
19e1ff892bc03296309118564517395c.jpg,9,fastsam,suspect,prompt_center_outside_polygon|polygon_extends_beyond_prompt,0.6092,0.4146,False,"[49.0, 1041.0, 190.0, 1209.0]"
4a0e76a068f83cac81efed7aaeeb8e96.jpg,1,sam2-box,suspect,prompt_center_outside_polygon,0.1628,1.0,False,"[263.0, 450.0, 288.0, 542.0]"
4a0e76a068f83cac81efed7aaeeb8e96.jpg,2,sam2-box,suspect,prompt_center_outside_polygon,0.1928,1.0,False,"[477.0, 338.0, 534.0, 411.0]"
4a0e76a068f83cac81efed7aaeeb8e96.jpg,3,sam2-box,suspect,prompt_center_outside_polygon|polygon_too_small,0.0409,0.9946,False,"[595.0, 408.0, 632.0, 470.0]"
4a0e76a068f83cac81efed7aaeeb8e96.jpg,4,sam2-box,pass,,0.2142,0.9711,True,"[767.0, 489.0, 857.0, 559.0]"
4a0e76a068f83cac81efed7aaeeb8e96.jpg,5,sam2-box,suspect,prompt_center_outside_polygon,0.2961,0.9158,False,"[701.0, 784.0, 789.0, 898.0]"
4a0e76a068f83cac81efed7aaeeb8e96.jpg,1,sam2-guided,pass,,0.2785,1.0,True,"[264.0, 450.0, 289.0, 554.0]"
4a0e76a068f83cac81efed7aaeeb8e96.jpg,2,sam2-guided,pass,,0.3223,1.0,True,"[465.0, 338.0, 533.0, 473.0]"
4a0e76a068f83cac81efed7aaeeb8e96.jpg,3,sam2-guided,pass,,0.3969,0.8419,True,"[592.0, 409.0, 679.0, 517.0]"
4a0e76a068f83cac81efed7aaeeb8e96.jpg,4,sam2-guided,pass,,0.2596,1.0,True,"[744.0, 490.0, 852.0, 602.0]"
4a0e76a068f83cac81efed7aaeeb8e96.jpg,5,sam2-guided,pass,,0.2128,1.0,True,"[713.0, 821.0, 807.0, 905.0]"
4a0e76a068f83cac81efed7aaeeb8e96.jpg,1,fastsam,suspect,prompt_center_outside_polygon,0.1574,1.0,False,"[264.0, 450.0, 286.0, 503.0]"
4a0e76a068f83cac81efed7aaeeb8e96.jpg,2,fastsam,suspect,prompt_center_outside_polygon,0.1861,1.0,False,"[482.0, 340.0, 530.0, 411.0]"
4a0e76a068f83cac81efed7aaeeb8e96.jpg,3,fastsam,suspect,prompt_center_outside_polygon|polygon_extends_beyond_prompt,0.4191,0.4865,False,"[579.0, 310.0, 673.0, 398.0]"
4a0e76a068f83cac81efed7aaeeb8e96.jpg,4,fastsam,pass,,0.2029,0.9787,True,"[781.0, 490.0, 856.0, 558.0]"
4a0e76a068f83cac81efed7aaeeb8e96.jpg,5,fastsam,suspect,prompt_center_outside_polygon,0.265,0.8884,False,"[702.0, 784.0, 783.0, 870.0]"
4fd43a5c9f4923aa81867575ace2a875.jpg,1,sam2-box,pass,,0.7493,0.8687,True,"[34.0, 492.0, 141.0, 724.0]"
4fd43a5c9f4923aa81867575ace2a875.jpg,2,sam2-box,pass,,0.5226,0.9325,True,"[118.0, 412.0, 217.0, 635.0]"
4fd43a5c9f4923aa81867575ace2a875.jpg,3,sam2-box,pass,,0.382,0.9738,True,"[203.0, 398.0, 310.0, 588.0]"
4fd43a5c9f4923aa81867575ace2a875.jpg,4,sam2-box,pass,,0.3121,0.909,True,"[297.0, 402.0, 416.0, 586.0]"
4fd43a5c9f4923aa81867575ace2a875.jpg,5,sam2-box,pass,,0.6197,0.7233,True,"[398.0, 259.0, 549.0, 478.0]"
4fd43a5c9f4923aa81867575ace2a875.jpg,6,sam2-box,pass,,0.3098,0.7695,True,"[511.0, 187.0, 677.0, 346.0]"
4fd43a5c9f4923aa81867575ace2a875.jpg,7,sam2-box,pass,,0.3729,0.8259,True,"[611.0, 203.0, 770.0, 380.0]"
4fd43a5c9f4923aa81867575ace2a875.jpg,8,sam2-box,suspect,prompt_center_outside_polygon,0.3472,0.7515,False,"[714.0, 240.0, 850.0, 425.0]"
4fd43a5c9f4923aa81867575ace2a875.jpg,9,sam2-box,pass,,0.4392,0.8619,True,"[814.0, 333.0, 930.0, 523.0]"
4fd43a5c9f4923aa81867575ace2a875.jpg,10,sam2-box,pass,,0.5084,0.8989,True,"[864.0, 728.0, 959.0, 881.0]"
4fd43a5c9f4923aa81867575ace2a875.jpg,1,sam2-guided,pass,,0.7205,0.8935,True,"[35.0, 492.0, 139.0, 722.0]"
4fd43a5c9f4923aa81867575ace2a875.jpg,2,sam2-guided,pass,,0.482,0.9904,True,"[120.0, 412.0, 211.0, 633.0]"
4fd43a5c9f4923aa81867575ace2a875.jpg,3,sam2-guided,pass,,0.3687,0.9827,True,"[205.0, 399.0, 309.0, 590.0]"
4fd43a5c9f4923aa81867575ace2a875.jpg,4,sam2-guided,pass,,0.2957,0.9355,True,"[299.0, 403.0, 413.0, 580.0]"
4fd43a5c9f4923aa81867575ace2a875.jpg,5,sam2-guided,pass,,0.4459,0.9819,True,"[415.0, 269.0, 535.0, 454.0]"
4fd43a5c9f4923aa81867575ace2a875.jpg,6,sam2-guided,pass,,0.3098,0.7695,True,"[511.0, 187.0, 677.0, 346.0]"
4fd43a5c9f4923aa81867575ace2a875.jpg,7,sam2-guided,pass,,0.3327,0.9155,True,"[612.0, 211.0, 754.0, 381.0]"
4fd43a5c9f4923aa81867575ace2a875.jpg,8,sam2-guided,pass,,0.3868,0.8935,True,"[724.0, 251.0, 848.0, 515.0]"
4fd43a5c9f4923aa81867575ace2a875.jpg,9,sam2-guided,pass,,0.4559,0.8768,True,"[815.0, 334.0, 929.0, 545.0]"
4fd43a5c9f4923aa81867575ace2a875.jpg,10,sam2-guided,pass,,0.5084,0.8989,True,"[864.0, 728.0, 959.0, 881.0]"
4fd43a5c9f4923aa81867575ace2a875.jpg,1,fastsam,suspect,polygon_extends_beyond_prompt|polygon_too_large,2.5969,0.2547,True,"[33.0, 497.0, 214.0, 979.0]"
4fd43a5c9f4923aa81867575ace2a875.jpg,2,fastsam,suspect,polygon_extends_beyond_prompt|polygon_too_large,2.2777,0.1696,True,"[119.0, 412.0, 355.0, 945.0]"
4fd43a5c9f4923aa81867575ace2a875.jpg,3,fastsam,pass,,0.3586,0.9925,True,"[202.0, 397.0, 308.0, 564.0]"
4fd43a5c9f4923aa81867575ace2a875.jpg,4,fastsam,suspect,polygon_extends_beyond_prompt|polygon_too_large,1.53,0.2999,True,"[245.0, 408.0, 470.0, 881.0]"
4fd43a5c9f4923aa81867575ace2a875.jpg,5,fastsam,suspect,polygon_extends_beyond_prompt,1.1333,0.3148,True,"[373.0, 185.0, 684.0, 480.0]"
4fd43a5c9f4923aa81867575ace2a875.jpg,6,fastsam,suspect,prompt_center_outside_polygon|polygon_extends_beyond_prompt|polygon_too_large,1.9235,0.2371,False,"[422.0, 201.0, 768.0, 610.0]"
4fd43a5c9f4923aa81867575ace2a875.jpg,7,fastsam,pass,,0.3416,0.8196,True,"[610.0, 205.0, 772.0, 376.0]"
4fd43a5c9f4923aa81867575ace2a875.jpg,8,fastsam,suspect,prompt_center_outside_polygon|polygon_extends_beyond_prompt,0.3733,0.7199,False,"[708.0, 240.0, 851.0, 424.0]"
4fd43a5c9f4923aa81867575ace2a875.jpg,9,fastsam,pass,,0.4353,0.8032,True,"[808.0, 330.0, 931.0, 506.0]"
4fd43a5c9f4923aa81867575ace2a875.jpg,10,fastsam,suspect,prompt_center_outside_polygon|polygon_extends_beyond_prompt,0.9432,0.3561,False,"[797.0, 659.0, 930.0, 879.0]"
586430bda51171eda6acac9b78044e86.jpg,1,sam2-box,pass,,0.3203,1.0,True,"[56.0, 450.0, 148.0, 619.0]"
586430bda51171eda6acac9b78044e86.jpg,2,sam2-box,pass,,0.4217,0.861,True,"[146.0, 421.0, 282.0, 638.0]"
586430bda51171eda6acac9b78044e86.jpg,3,sam2-box,pass,,0.5039,0.8936,True,"[267.0, 424.0, 368.0, 703.0]"
586430bda51171eda6acac9b78044e86.jpg,4,sam2-box,pass,,0.3802,0.8905,True,"[353.0, 422.0, 467.0, 654.0]"
586430bda51171eda6acac9b78044e86.jpg,5,sam2-box,suspect,prompt_center_outside_polygon,0.2431,0.9291,False,"[503.0, 397.0, 590.0, 524.0]"
586430bda51171eda6acac9b78044e86.jpg,6,sam2-box,pass,,0.7419,0.8712,True,"[544.0, 333.0, 679.0, 575.0]"
586430bda51171eda6acac9b78044e86.jpg,7,sam2-box,suspect,prompt_center_outside_polygon,0.1898,0.9799,False,"[643.0, 456.0, 736.0, 622.0]"
586430bda51171eda6acac9b78044e86.jpg,8,sam2-box,pass,,0.4435,0.807,True,"[733.0, 420.0, 885.0, 627.0]"
586430bda51171eda6acac9b78044e86.jpg,9,sam2-box,suspect,polygon_extends_beyond_prompt,0.6162,0.708,True,"[817.0, 380.0, 959.0, 604.0]"
586430bda51171eda6acac9b78044e86.jpg,1,sam2-guided,pass,,0.298,1.0,True,"[56.0, 478.0, 148.0, 618.0]"
586430bda51171eda6acac9b78044e86.jpg,2,sam2-guided,pass,,0.3684,0.998,True,"[155.0, 434.0, 270.0, 638.0]"
586430bda51171eda6acac9b78044e86.jpg,3,sam2-guided,pass,,0.5201,0.8626,True,"[255.0, 424.0, 365.0, 702.0]"
586430bda51171eda6acac9b78044e86.jpg,4,sam2-guided,pass,,0.3507,0.9463,True,"[359.0, 428.0, 467.0, 654.0]"
586430bda51171eda6acac9b78044e86.jpg,5,sam2-guided,pass,,0.3132,0.9637,True,"[494.0, 368.0, 588.0, 523.0]"
586430bda51171eda6acac9b78044e86.jpg,6,sam2-guided,pass,,0.724,0.9091,True,"[543.0, 336.0, 674.0, 575.0]"
586430bda51171eda6acac9b78044e86.jpg,7,sam2-guided,pass,,0.2526,1.0,True,"[646.0, 461.0, 739.0, 613.0]"
586430bda51171eda6acac9b78044e86.jpg,8,sam2-guided,pass,,0.3885,0.9568,True,"[744.0, 435.0, 855.0, 622.0]"
586430bda51171eda6acac9b78044e86.jpg,9,sam2-guided,pass,,0.4649,0.947,True,"[829.0, 411.0, 946.0, 593.0]"
586430bda51171eda6acac9b78044e86.jpg,1,fastsam,suspect,polygon_extends_beyond_prompt,0.7133,0.4656,True,"[2.0, 331.0, 148.0, 620.0]"
586430bda51171eda6acac9b78044e86.jpg,2,fastsam,suspect,polygon_extends_beyond_prompt,0.3661,0.6062,True,"[184.0, 543.0, 301.0, 702.0]"
586430bda51171eda6acac9b78044e86.jpg,3,fastsam,suspect,polygon_extends_beyond_prompt,1.1618,0.258,True,"[133.0, 247.0, 369.0, 717.0]"
586430bda51171eda6acac9b78044e86.jpg,4,fastsam,suspect,prompt_center_outside_polygon,0.272,0.8119,False,"[349.0, 491.0, 433.0, 653.0]"
586430bda51171eda6acac9b78044e86.jpg,5,fastsam,suspect,prompt_center_outside_polygon,0.2617,0.8224,False,"[505.0, 397.0, 592.0, 537.0]"
586430bda51171eda6acac9b78044e86.jpg,6,fastsam,suspect,prompt_center_outside_polygon|polygon_extends_beyond_prompt,0.7852,0.4647,False,"[502.0, 267.0, 701.0, 536.0]"
586430bda51171eda6acac9b78044e86.jpg,7,fastsam,suspect,polygon_extends_beyond_prompt,0.9996,0.3306,True,"[616.0, 328.0, 902.0, 629.0]"
586430bda51171eda6acac9b78044e86.jpg,8,fastsam,suspect,polygon_extends_beyond_prompt|polygon_too_large,2.2548,0.2421,True,"[736.0, 374.0, 959.0, 876.0]"
586430bda51171eda6acac9b78044e86.jpg,9,fastsam,suspect,polygon_extends_beyond_prompt,0.6305,0.6806,True,"[817.0, 373.0, 959.0, 606.0]"
8c4793356e5af0d460bc7967919fd6ba.jpg,1,sam2-box,pass,,0.7637,0.9023,True,"[372.0, 435.0, 558.0, 872.0]"
8c4793356e5af0d460bc7967919fd6ba.jpg,2,sam2-box,suspect,prompt_center_outside_polygon,0.2788,0.8971,False,"[585.0, 497.0, 789.0, 724.0]"
8c4793356e5af0d460bc7967919fd6ba.jpg,3,sam2-box,suspect,prompt_center_outside_polygon|polygon_too_small,0.082,0.8439,False,"[879.0, 661.0, 957.0, 797.0]"
8c4793356e5af0d460bc7967919fd6ba.jpg,4,sam2-box,suspect,polygon_extends_beyond_prompt,0.5164,0.707,True,"[682.0, 903.0, 1032.0, 1183.0]"
8c4793356e5af0d460bc7967919fd6ba.jpg,5,sam2-box,suspect,prompt_center_outside_polygon,0.2716,0.8988,False,"[598.0, 934.0, 873.0, 1185.0]"
8c4793356e5af0d460bc7967919fd6ba.jpg,1,sam2-guided,pass,,0.67,0.9323,True,"[373.0, 435.0, 552.0, 872.0]"
8c4793356e5af0d460bc7967919fd6ba.jpg,2,sam2-guided,pass,,0.5631,0.9048,True,"[587.0, 493.0, 786.0, 883.0]"
8c4793356e5af0d460bc7967919fd6ba.jpg,3,sam2-guided,pass,,0.2033,0.9093,True,"[722.0, 787.0, 947.0, 910.0]"
8c4793356e5af0d460bc7967919fd6ba.jpg,4,sam2-guided,pass,,0.2627,0.9974,True,"[766.0, 915.0, 999.0, 1063.0]"
8c4793356e5af0d460bc7967919fd6ba.jpg,5,sam2-guided,pass,,0.5362,0.8917,True,"[525.0, 912.0, 833.0, 1180.0]"
8c4793356e5af0d460bc7967919fd6ba.jpg,1,fastsam,suspect,polygon_extends_beyond_prompt,0.8502,0.5055,True,"[338.0, 271.0, 552.0, 706.0]"
8c4793356e5af0d460bc7967919fd6ba.jpg,2,fastsam,suspect,prompt_center_outside_polygon,0.3066,0.8565,False,"[587.0, 457.0, 739.0, 722.0]"
8c4793356e5af0d460bc7967919fd6ba.jpg,3,fastsam,suspect,polygon_extends_beyond_prompt,0.4781,0.5596,True,"[711.0, 753.0, 1077.0, 920.0]"
8c4793356e5af0d460bc7967919fd6ba.jpg,4,fastsam,suspect,polygon_extends_beyond_prompt,0.323,0.7124,True,"[821.0, 926.0, 1070.0, 1062.0]"
8c4793356e5af0d460bc7967919fd6ba.jpg,5,fastsam,pass,,0.445,0.7993,True,"[545.0, 909.0, 867.0, 1078.0]"
916243c8917244d2b399ae2674266b6b.jpg,1,sam2-box,pass,,0.5194,0.991,True,"[103.0, 650.0, 205.0, 906.0]"
916243c8917244d2b399ae2674266b6b.jpg,2,sam2-box,pass,,0.4774,0.8883,True,"[239.0, 540.0, 359.0, 769.0]"
916243c8917244d2b399ae2674266b6b.jpg,3,sam2-box,pass,,0.4125,0.9237,True,"[322.0, 464.0, 447.0, 708.0]"
916243c8917244d2b399ae2674266b6b.jpg,4,sam2-box,pass,,0.3374,0.9035,True,"[428.0, 481.0, 569.0, 657.0]"
916243c8917244d2b399ae2674266b6b.jpg,5,sam2-box,suspect,prompt_center_outside_polygon,0.1502,0.8554,False,"[505.0, 382.0, 602.0, 499.0]"
916243c8917244d2b399ae2674266b6b.jpg,6,sam2-box,pass,,0.5637,0.8486,True,"[612.0, 319.0, 777.0, 552.0]"
916243c8917244d2b399ae2674266b6b.jpg,7,sam2-box,pass,,0.3774,0.8795,True,"[729.0, 310.0, 856.0, 512.0]"
916243c8917244d2b399ae2674266b6b.jpg,8,sam2-box,pass,,0.8831,0.8153,True,"[800.0, 348.0, 959.0, 568.0]"
916243c8917244d2b399ae2674266b6b.jpg,1,sam2-guided,pass,,0.5099,0.9911,True,"[104.0, 650.0, 205.0, 907.0]"
916243c8917244d2b399ae2674266b6b.jpg,2,sam2-guided,pass,,0.4768,0.8874,True,"[240.0, 540.0, 359.0, 769.0]"
916243c8917244d2b399ae2674266b6b.jpg,3,sam2-guided,pass,,0.4027,0.9236,True,"[322.0, 464.0, 445.0, 711.0]"
916243c8917244d2b399ae2674266b6b.jpg,4,sam2-guided,pass,,0.3448,0.9094,True,"[429.0, 481.0, 568.0, 679.0]"
916243c8917244d2b399ae2674266b6b.jpg,5,sam2-guided,pass,,0.3988,0.8195,True,"[514.0, 309.0, 678.0, 477.0]"
916243c8917244d2b399ae2674266b6b.jpg,6,sam2-guided,pass,,0.5589,0.9146,True,"[613.0, 327.0, 768.0, 549.0]"
916243c8917244d2b399ae2674266b6b.jpg,7,sam2-guided,pass,,0.3708,0.9356,True,"[724.0, 319.0, 827.0, 522.0]"
916243c8917244d2b399ae2674266b6b.jpg,8,sam2-guided,pass,,0.6074,1.0,True,"[813.0, 361.0, 939.0, 564.0]"
916243c8917244d2b399ae2674266b6b.jpg,1,fastsam,suspect,polygon_extends_beyond_prompt|polygon_too_large,1.7097,0.3802,True,"[104.0, 648.0, 286.0, 1089.0]"
916243c8917244d2b399ae2674266b6b.jpg,2,fastsam,pass,,0.4814,0.8727,True,"[240.0, 544.0, 361.0, 767.0]"
916243c8917244d2b399ae2674266b6b.jpg,3,fastsam,pass,,0.3758,0.9223,True,"[322.0, 466.0, 442.0, 663.0]"
916243c8917244d2b399ae2674266b6b.jpg,4,fastsam,suspect,polygon_extends_beyond_prompt,1.0053,0.3412,True,"[434.0, 485.0, 689.0, 835.0]"
916243c8917244d2b399ae2674266b6b.jpg,5,fastsam,pass,,0.4156,0.786,True,"[514.0, 314.0, 685.0, 475.0]"
916243c8917244d2b399ae2674266b6b.jpg,6,fastsam,suspect,prompt_center_outside_polygon,0.1938,0.7404,False,"[590.0, 316.0, 684.0, 419.0]"
916243c8917244d2b399ae2674266b6b.jpg,7,fastsam,suspect,prompt_center_outside_polygon|polygon_extends_beyond_prompt,0.1405,0.6212,False,"[761.0, 296.0, 856.0, 394.0]"
916243c8917244d2b399ae2674266b6b.jpg,8,fastsam,pass,,0.728,0.7646,True,"[809.0, 328.0, 954.0, 610.0]"
9a0c13d0485ade01a084dbfeff865d99.jpg,1,sam2-box,pass,,0.3134,0.8314,True,"[39.0, 644.0, 187.0, 803.0]"
9a0c13d0485ade01a084dbfeff865d99.jpg,2,sam2-box,pass,,0.5303,0.9151,True,"[309.0, 509.0, 494.0, 758.0]"
9a0c13d0485ade01a084dbfeff865d99.jpg,3,sam2-box,suspect,prompt_center_outside_polygon,0.26,0.9341,False,"[451.0, 575.0, 624.0, 819.0]"
9a0c13d0485ade01a084dbfeff865d99.jpg,4,sam2-box,pass,,0.2697,0.9998,True,"[591.0, 540.0, 712.0, 793.0]"
9a0c13d0485ade01a084dbfeff865d99.jpg,5,sam2-box,pass,,0.7429,0.7676,True,"[646.0, 369.0, 849.0, 647.0]"
9a0c13d0485ade01a084dbfeff865d99.jpg,6,sam2-box,pass,,0.3109,0.9451,True,"[789.0, 552.0, 992.0, 702.0]"
9a0c13d0485ade01a084dbfeff865d99.jpg,7,sam2-box,pass,,0.598,0.874,True,"[903.0, 617.0, 1100.0, 800.0]"
9a0c13d0485ade01a084dbfeff865d99.jpg,8,sam2-box,suspect,prompt_center_outside_polygon,0.3128,0.9214,False,"[1073.0, 559.0, 1258.0, 673.0]"
9a0c13d0485ade01a084dbfeff865d99.jpg,9,sam2-box,pass,,0.4193,0.9745,True,"[327.0, 170.0, 456.0, 355.0]"
9a0c13d0485ade01a084dbfeff865d99.jpg,1,sam2-guided,pass,,0.1822,1.0,True,"[89.0, 689.0, 202.0, 839.0]"
9a0c13d0485ade01a084dbfeff865d99.jpg,2,sam2-guided,pass,,0.5011,0.9264,True,"[311.0, 522.0, 493.0, 759.0]"
9a0c13d0485ade01a084dbfeff865d99.jpg,3,sam2-guided,pass,,0.2134,1.0,True,"[478.0, 624.0, 627.0, 800.0]"
9a0c13d0485ade01a084dbfeff865d99.jpg,4,sam2-guided,pass,,0.2697,0.9998,True,"[591.0, 540.0, 712.0, 793.0]"
9a0c13d0485ade01a084dbfeff865d99.jpg,5,sam2-guided,pass,,0.3806,0.9424,True,"[655.0, 483.0, 845.0, 643.0]"
9a0c13d0485ade01a084dbfeff865d99.jpg,6,sam2-guided,pass,,0.3126,0.9498,True,"[790.0, 548.0, 992.0, 702.0]"
9a0c13d0485ade01a084dbfeff865d99.jpg,7,sam2-guided,pass,,0.598,0.874,True,"[903.0, 617.0, 1100.0, 800.0]"
9a0c13d0485ade01a084dbfeff865d99.jpg,8,sam2-guided,suspect,prompt_center_outside_polygon,0.3128,0.9214,False,"[1073.0, 559.0, 1258.0, 673.0]"
9a0c13d0485ade01a084dbfeff865d99.jpg,9,sam2-guided,pass,,0.3724,0.9668,True,"[328.0, 170.0, 454.0, 312.0]"
9a0c13d0485ade01a084dbfeff865d99.jpg,1,fastsam,pass,,0.2866,0.8198,True,"[38.0, 645.0, 182.0, 799.0]"
9a0c13d0485ade01a084dbfeff865d99.jpg,2,fastsam,suspect,polygon_extends_beyond_prompt,0.3391,0.6146,True,"[381.0, 629.0, 520.0, 818.0]"
9a0c13d0485ade01a084dbfeff865d99.jpg,3,fastsam,suspect,prompt_center_outside_polygon|polygon_extends_beyond_prompt,0.3162,0.5932,False,"[467.0, 499.0, 621.0, 693.0]"
9a0c13d0485ade01a084dbfeff865d99.jpg,4,fastsam,suspect,prompt_center_outside_polygon|polygon_extends_beyond_prompt,0.3457,0.4514,False,"[645.0, 484.0, 846.0, 647.0]"
9a0c13d0485ade01a084dbfeff865d99.jpg,5,fastsam,pass,,0.3909,0.8806,True,"[645.0, 484.0, 846.0, 647.0]"
9a0c13d0485ade01a084dbfeff865d99.jpg,6,fastsam,pass,,0.326,0.9313,True,"[792.0, 545.0, 998.0, 699.0]"
9a0c13d0485ade01a084dbfeff865d99.jpg,7,fastsam,suspect,prompt_center_outside_polygon,0.1946,0.722,False,"[896.0, 546.0, 999.0, 651.0]"
9a0c13d0485ade01a084dbfeff865d99.jpg,8,fastsam,suspect,prompt_center_outside_polygon|polygon_extends_beyond_prompt,0.4234,0.6288,False,"[1078.0, 524.0, 1278.0, 667.0]"
9a0c13d0485ade01a084dbfeff865d99.jpg,9,fastsam,suspect,prompt_center_outside_polygon,0.2559,0.9813,False,"[344.0, 173.0, 452.0, 265.0]"
aaa6fab381af1c61b619a9807d52a1f0.jpg,1,sam2-box,pass,,0.6241,0.9424,True,"[0.0, 342.0, 222.0, 524.0]"
aaa6fab381af1c61b619a9807d52a1f0.jpg,2,sam2-box,pass,,0.7302,0.8142,True,"[28.0, 591.0, 215.0, 900.0]"
aaa6fab381af1c61b619a9807d52a1f0.jpg,3,sam2-box,pass,,0.4469,0.9518,True,"[225.0, 513.0, 367.0, 801.0]"
aaa6fab381af1c61b619a9807d52a1f0.jpg,4,sam2-box,suspect,prompt_center_outside_polygon,0.159,0.9379,False,"[372.0, 429.0, 520.0, 700.0]"
aaa6fab381af1c61b619a9807d52a1f0.jpg,5,sam2-box,pass,,0.5267,0.874,True,"[478.0, 517.0, 663.0, 794.0]"
aaa6fab381af1c61b619a9807d52a1f0.jpg,6,sam2-box,suspect,prompt_center_outside_polygon,0.2464,0.8466,False,"[764.0, 259.0, 953.0, 556.0]"
aaa6fab381af1c61b619a9807d52a1f0.jpg,7,sam2-box,pass,,0.3602,0.8939,True,"[892.0, 195.0, 1013.0, 456.0]"
aaa6fab381af1c61b619a9807d52a1f0.jpg,8,sam2-box,pass,,0.4788,0.8306,True,"[978.0, 258.0, 1133.0, 507.0]"
aaa6fab381af1c61b619a9807d52a1f0.jpg,9,sam2-box,pass,,0.6627,0.8772,True,"[1096.0, 309.0, 1228.0, 609.0]"
aaa6fab381af1c61b619a9807d52a1f0.jpg,1,sam2-guided,pass,,0.5497,0.9419,True,"[0.0, 361.0, 220.0, 522.0]"
aaa6fab381af1c61b619a9807d52a1f0.jpg,2,sam2-guided,pass,,0.7302,0.8142,True,"[28.0, 591.0, 215.0, 900.0]"
aaa6fab381af1c61b619a9807d52a1f0.jpg,3,sam2-guided,pass,,0.4221,0.9519,True,"[226.0, 514.0, 353.0, 782.0]"
aaa6fab381af1c61b619a9807d52a1f0.jpg,4,sam2-guided,suspect,prompt_center_outside_polygon,0.1548,0.9927,False,"[381.0, 444.0, 518.0, 694.0]"
aaa6fab381af1c61b619a9807d52a1f0.jpg,5,sam2-guided,pass,,0.5044,0.9581,True,"[481.0, 498.0, 660.0, 774.0]"
aaa6fab381af1c61b619a9807d52a1f0.jpg,6,sam2-guided,pass,,0.5374,0.8717,True,"[783.0, 303.0, 962.0, 580.0]"
aaa6fab381af1c61b619a9807d52a1f0.jpg,7,sam2-guided,pass,,0.3882,0.8488,True,"[884.0, 196.0, 1013.0, 485.0]"
aaa6fab381af1c61b619a9807d52a1f0.jpg,8,sam2-guided,pass,,0.4884,0.8634,True,"[983.0, 260.0, 1129.0, 512.0]"
aaa6fab381af1c61b619a9807d52a1f0.jpg,9,sam2-guided,pass,,0.5532,0.9074,True,"[1114.0, 312.0, 1219.0, 590.0]"
aaa6fab381af1c61b619a9807d52a1f0.jpg,1,fastsam,pass,,0.6125,0.9464,True,"[1.0, 341.0, 221.0, 522.0]"
aaa6fab381af1c61b619a9807d52a1f0.jpg,2,fastsam,suspect,polygon_extends_beyond_prompt|polygon_too_large,1.386,0.4742,True,"[18.0, 520.0, 209.0, 1038.0]"
aaa6fab381af1c61b619a9807d52a1f0.jpg,3,fastsam,suspect,polygon_extends_beyond_prompt,1.3293,0.3899,True,"[229.0, 520.0, 447.0, 1061.0]"
aaa6fab381af1c61b619a9807d52a1f0.jpg,4,fastsam,suspect,polygon_extends_beyond_prompt,1.0709,0.4531,True,"[314.0, 407.0, 559.0, 944.0]"
aaa6fab381af1c61b619a9807d52a1f0.jpg,5,fastsam,suspect,polygon_extends_beyond_prompt,0.6779,0.6159,True,"[444.0, 422.0, 663.0, 812.0]"
aaa6fab381af1c61b619a9807d52a1f0.jpg,6,fastsam,suspect,polygon_extends_beyond_prompt,1.3166,0.3215,True,"[737.0, 197.0, 1011.0, 758.0]"
aaa6fab381af1c61b619a9807d52a1f0.jpg,7,fastsam,suspect,polygon_extends_beyond_prompt|polygon_too_large,1.3643,0.2339,True,"[737.0, 197.0, 1011.0, 758.0]"
aaa6fab381af1c61b619a9807d52a1f0.jpg,8,fastsam,pass,,0.3409,0.7983,True,"[972.0, 344.0, 1099.0, 507.0]"
aaa6fab381af1c61b619a9807d52a1f0.jpg,9,fastsam,suspect,polygon_extends_beyond_prompt|polygon_too_large,1.738,0.3821,True,"[1054.0, 306.0, 1225.0, 849.0]"
ca2d14573bfe3c0c83cdc3100e074b3c.jpg,1,sam2-box,suspect,prompt_center_outside_polygon,0.1649,1.0,False,"[447.0, 97.0, 494.0, 168.0]"
ca2d14573bfe3c0c83cdc3100e074b3c.jpg,2,sam2-box,suspect,prompt_center_outside_polygon,0.1716,1.0,False,"[696.0, 316.0, 795.0, 374.0]"
ca2d14573bfe3c0c83cdc3100e074b3c.jpg,3,sam2-box,suspect,prompt_center_outside_polygon|polygon_too_small,0.0955,1.0,False,"[810.0, 445.0, 851.0, 482.0]"
ca2d14573bfe3c0c83cdc3100e074b3c.jpg,4,sam2-box,pass,,0.3474,0.7753,True,"[878.0, 506.0, 959.0, 602.0]"
ca2d14573bfe3c0c83cdc3100e074b3c.jpg,5,sam2-box,suspect,polygon_extends_beyond_prompt,0.5252,0.6889,True,"[750.0, 652.0, 920.0, 767.0]"
ca2d14573bfe3c0c83cdc3100e074b3c.jpg,1,sam2-guided,suspect,prompt_center_outside_polygon,0.1874,1.0,False,"[448.0, 98.0, 493.0, 170.0]"
ca2d14573bfe3c0c83cdc3100e074b3c.jpg,2,sam2-guided,suspect,prompt_center_outside_polygon,0.1763,1.0,False,"[710.0, 317.0, 795.0, 369.0]"
ca2d14573bfe3c0c83cdc3100e074b3c.jpg,3,sam2-guided,suspect,prompt_center_outside_polygon|polygon_too_small,0.1126,1.0,False,"[810.0, 446.0, 849.0, 488.0]"
ca2d14573bfe3c0c83cdc3100e074b3c.jpg,4,sam2-guided,pass,,0.3474,0.7753,True,"[878.0, 506.0, 959.0, 602.0]"
ca2d14573bfe3c0c83cdc3100e074b3c.jpg,5,sam2-guided,pass,,0.5461,0.7564,True,"[766.0, 652.0, 919.0, 765.0]"
ca2d14573bfe3c0c83cdc3100e074b3c.jpg,1,fastsam,suspect,prompt_center_outside_polygon,0.1547,1.0,False,"[449.0, 98.0, 491.0, 165.0]"
ca2d14573bfe3c0c83cdc3100e074b3c.jpg,2,fastsam,suspect,prompt_center_outside_polygon,0.1314,1.0,False,"[736.0, 324.0, 794.0, 356.0]"
ca2d14573bfe3c0c83cdc3100e074b3c.jpg,3,fastsam,suspect,prompt_center_outside_polygon|polygon_too_small,0.0789,1.0,False,"[814.0, 449.0, 849.0, 479.0]"
ca2d14573bfe3c0c83cdc3100e074b3c.jpg,4,fastsam,pass,,0.3082,0.7753,True,"[878.0, 506.0, 959.0, 562.0]"
ca2d14573bfe3c0c83cdc3100e074b3c.jpg,5,fastsam,suspect,polygon_extends_beyond_prompt,0.8378,0.3917,True,"[685.0, 622.0, 920.0, 765.0]"
cb7a371d6826a7e71a49ca4bf1ce2382.jpg,1,sam2-box,pass,,0.8045,0.8386,True,"[534.0, 282.0, 692.0, 550.0]"
cb7a371d6826a7e71a49ca4bf1ce2382.jpg,2,sam2-box,pass,,0.3888,1.0,True,"[687.0, 407.0, 817.0, 608.0]"
cb7a371d6826a7e71a49ca4bf1ce2382.jpg,3,sam2-box,suspect,prompt_center_outside_polygon,0.3267,0.7659,False,"[772.0, 558.0, 977.0, 654.0]"
cb7a371d6826a7e71a49ca4bf1ce2382.jpg,4,sam2-box,suspect,prompt_center_outside_polygon,0.4217,0.7738,False,"[914.0, 462.0, 1125.0, 598.0]"
cb7a371d6826a7e71a49ca4bf1ce2382.jpg,5,sam2-box,pass,,0.4392,0.9162,True,"[303.0, 933.0, 419.0, 1128.0]"
cb7a371d6826a7e71a49ca4bf1ce2382.jpg,6,sam2-box,pass,,0.5245,0.8662,True,"[417.0, 842.0, 565.0, 1087.0]"
cb7a371d6826a7e71a49ca4bf1ce2382.jpg,7,sam2-box,pass,,0.6569,0.7539,True,"[541.0, 853.0, 742.0, 1124.0]"
cb7a371d6826a7e71a49ca4bf1ce2382.jpg,8,sam2-box,pass,,0.7808,0.7521,True,"[653.0, 845.0, 856.0, 1114.0]"
cb7a371d6826a7e71a49ca4bf1ce2382.jpg,9,sam2-box,pass,,0.6323,0.898,True,"[37.0, 1226.0, 134.0, 1396.0]"
cb7a371d6826a7e71a49ca4bf1ce2382.jpg,1,sam2-guided,pass,,0.7641,0.8526,True,"[538.0, 282.0, 688.0, 551.0]"
cb7a371d6826a7e71a49ca4bf1ce2382.jpg,2,sam2-guided,pass,,0.3394,1.0,True,"[688.0, 423.0, 815.0, 604.0]"
cb7a371d6826a7e71a49ca4bf1ce2382.jpg,3,sam2-guided,suspect,prompt_center_outside_polygon,0.3267,0.7659,False,"[772.0, 558.0, 977.0, 654.0]"
cb7a371d6826a7e71a49ca4bf1ce2382.jpg,4,sam2-guided,suspect,prompt_center_outside_polygon,0.4217,0.7738,False,"[914.0, 462.0, 1125.0, 598.0]"
cb7a371d6826a7e71a49ca4bf1ce2382.jpg,5,sam2-guided,pass,,0.3957,0.9475,True,"[306.0, 934.0, 415.0, 1123.0]"
cb7a371d6826a7e71a49ca4bf1ce2382.jpg,6,sam2-guided,pass,,0.57,0.8821,True,"[419.0, 843.0, 559.0, 1085.0]"
cb7a371d6826a7e71a49ca4bf1ce2382.jpg,7,sam2-guided,pass,,0.6569,0.7539,True,"[541.0, 853.0, 742.0, 1124.0]"
cb7a371d6826a7e71a49ca4bf1ce2382.jpg,8,sam2-guided,pass,,0.4519,0.9118,True,"[666.0, 850.0, 819.0, 1094.0]"
cb7a371d6826a7e71a49ca4bf1ce2382.jpg,9,sam2-guided,pass,,0.5083,1.0,True,"[39.0, 1233.0, 123.0, 1381.0]"
cb7a371d6826a7e71a49ca4bf1ce2382.jpg,1,fastsam,suspect,polygon_extends_beyond_prompt|polygon_too_large,9.8583,0.0843,True,"[523.0, 0.0, 1272.0, 604.0]"
cb7a371d6826a7e71a49ca4bf1ce2382.jpg,2,fastsam,pass,,0.2179,1.0,True,"[692.0, 483.0, 798.0, 595.0]"
cb7a371d6826a7e71a49ca4bf1ce2382.jpg,3,fastsam,suspect,prompt_center_outside_polygon|polygon_extends_beyond_prompt,0.2528,0.6906,False,"[865.0, 478.0, 1020.0, 579.0]"
cb7a371d6826a7e71a49ca4bf1ce2382.jpg,4,fastsam,suspect,prompt_center_outside_polygon|polygon_extends_beyond_prompt|polygon_too_large,1.5029,0.1506,False,"[878.0, 282.0, 1277.0, 571.0]"
cb7a371d6826a7e71a49ca4bf1ce2382.jpg,5,fastsam,pass,,0.3989,0.945,True,"[311.0, 948.0, 415.0, 1120.0]"
cb7a371d6826a7e71a49ca4bf1ce2382.jpg,6,fastsam,pass,,0.2909,1.0,True,"[454.0, 878.0, 556.0, 1024.0]"
cb7a371d6826a7e71a49ca4bf1ce2382.jpg,7,fastsam,suspect,prompt_center_outside_polygon,0.1886,1.0,False,"[566.0, 902.0, 665.0, 1008.0]"
cb7a371d6826a7e71a49ca4bf1ce2382.jpg,8,fastsam,suspect,polygon_extends_beyond_prompt,1.2157,0.4045,True,"[591.0, 817.0, 925.0, 1121.0]"
cb7a371d6826a7e71a49ca4bf1ce2382.jpg,9,fastsam,suspect,prompt_center_outside_polygon|polygon_extends_beyond_prompt,0.3519,0.2961,False,"[99.0, 1207.0, 196.0, 1356.0]"
cefb43f688de010c12d6a22c058188ed.jpg,1,sam2-box,pass,,0.3753,1.0,True,"[48.0, 690.0, 171.0, 816.0]"
cefb43f688de010c12d6a22c058188ed.jpg,2,sam2-box,pass,,0.3676,0.8214,True,"[296.0, 813.0, 429.0, 964.0]"
cefb43f688de010c12d6a22c058188ed.jpg,3,sam2-box,suspect,prompt_center_outside_polygon,0.3777,0.7558,False,"[470.0, 738.0, 588.0, 911.0]"
cefb43f688de010c12d6a22c058188ed.jpg,4,sam2-box,suspect,prompt_center_outside_polygon,0.5307,0.8881,False,"[655.0, 400.0, 814.0, 659.0]"
cefb43f688de010c12d6a22c058188ed.jpg,5,sam2-box,suspect,prompt_center_outside_polygon,0.6969,0.8038,False,"[754.0, 458.0, 950.0, 701.0]"
cefb43f688de010c12d6a22c058188ed.jpg,6,sam2-box,pass,,0.403,0.8803,True,"[874.0, 518.0, 1052.0, 685.0]"
cefb43f688de010c12d6a22c058188ed.jpg,7,sam2-box,pass,,0.1866,0.989,True,"[1060.0, 437.0, 1203.0, 599.0]"
cefb43f688de010c12d6a22c058188ed.jpg,1,sam2-guided,pass,,0.359,1.0,True,"[48.0, 700.0, 170.0, 816.0]"
cefb43f688de010c12d6a22c058188ed.jpg,2,sam2-guided,pass,,0.3402,0.8416,True,"[299.0, 816.0, 430.0, 966.0]"
cefb43f688de010c12d6a22c058188ed.jpg,3,sam2-guided,suspect,prompt_center_outside_polygon,0.3777,0.7558,False,"[470.0, 738.0, 588.0, 911.0]"
cefb43f688de010c12d6a22c058188ed.jpg,4,sam2-guided,pass,,0.5734,0.8847,True,"[658.0, 400.0, 814.0, 665.0]"
cefb43f688de010c12d6a22c058188ed.jpg,5,sam2-guided,suspect,prompt_center_outside_polygon,0.6969,0.8038,False,"[754.0, 458.0, 950.0, 701.0]"
cefb43f688de010c12d6a22c058188ed.jpg,6,sam2-guided,pass,,0.403,0.8803,True,"[874.0, 518.0, 1052.0, 685.0]"
cefb43f688de010c12d6a22c058188ed.jpg,7,sam2-guided,pass,,0.1718,1.0,True,"[1066.0, 442.0, 1197.0, 601.0]"
cefb43f688de010c12d6a22c058188ed.jpg,1,fastsam,suspect,polygon_extends_beyond_prompt,0.8962,0.434,True,"[0.0, 562.0, 169.0, 814.0]"
cefb43f688de010c12d6a22c058188ed.jpg,2,fastsam,pass,,0.3551,0.7973,True,"[293.0, 814.0, 425.0, 963.0]"
cefb43f688de010c12d6a22c058188ed.jpg,3,fastsam,suspect,prompt_center_outside_polygon|polygon_extends_beyond_prompt,0.3736,0.6836,False,"[458.0, 754.0, 587.0, 911.0]"
cefb43f688de010c12d6a22c058188ed.jpg,4,fastsam,suspect,prompt_center_outside_polygon,0.2719,0.9159,False,"[656.0, 401.0, 764.0, 546.0]"
cefb43f688de010c12d6a22c058188ed.jpg,5,fastsam,suspect,prompt_center_outside_polygon|polygon_extends_beyond_prompt,0.3391,0.711,False,"[832.0, 553.0, 975.0, 698.0]"
cefb43f688de010c12d6a22c058188ed.jpg,6,fastsam,suspect,prompt_center_outside_polygon|polygon_extends_beyond_prompt,0.3579,0.5573,False,"[832.0, 553.0, 975.0, 698.0]"
cefb43f688de010c12d6a22c058188ed.jpg,7,fastsam,suspect,polygon_extends_beyond_prompt,0.5936,0.4594,True,"[1048.0, 336.0, 1278.0, 595.0]"
d59b3facac1d4ce8507d1de491a583d6.jpg,1,sam2-box,pass,,0.2812,0.9135,True,"[265.0, 385.0, 401.0, 561.0]"
d59b3facac1d4ce8507d1de491a583d6.jpg,2,sam2-box,pass,,0.1694,1.0,True,"[489.0, 472.0, 624.0, 612.0]"
d59b3facac1d4ce8507d1de491a583d6.jpg,3,sam2-box,pass,,0.3216,0.9,True,"[542.0, 594.0, 766.0, 804.0]"
d59b3facac1d4ce8507d1de491a583d6.jpg,4,sam2-box,suspect,prompt_center_outside_polygon,0.1717,0.84,False,"[321.0, 612.0, 446.0, 707.0]"
d59b3facac1d4ce8507d1de491a583d6.jpg,5,sam2-box,suspect,prompt_center_outside_polygon,0.1862,0.8987,False,"[400.0, 824.0, 538.0, 903.0]"
d59b3facac1d4ce8507d1de491a583d6.jpg,1,sam2-guided,pass,,0.25,0.9704,True,"[267.0, 383.0, 391.0, 553.0]"
d59b3facac1d4ce8507d1de491a583d6.jpg,2,sam2-guided,pass,,0.1721,1.0,True,"[489.0, 478.0, 608.0, 612.0]"
d59b3facac1d4ce8507d1de491a583d6.jpg,3,sam2-guided,pass,,0.307,0.9909,True,"[555.0, 593.0, 752.0, 806.0]"
d59b3facac1d4ce8507d1de491a583d6.jpg,4,sam2-guided,pass,,0.2909,0.9837,True,"[336.0, 625.0, 542.0, 760.0]"
d59b3facac1d4ce8507d1de491a583d6.jpg,5,sam2-guided,pass,,0.5263,0.8816,True,"[400.0, 816.0, 647.0, 969.0]"
d59b3facac1d4ce8507d1de491a583d6.jpg,1,fastsam,suspect,prompt_center_outside_polygon|polygon_extends_beyond_prompt,0.7179,0.3667,False,"[210.0, 2.0, 427.0, 513.0]"
d59b3facac1d4ce8507d1de491a583d6.jpg,2,fastsam,suspect,polygon_extends_beyond_prompt,1.0158,0.2901,True,"[490.0, 249.0, 796.0, 611.0]"
d59b3facac1d4ce8507d1de491a583d6.jpg,3,fastsam,suspect,polygon_extends_beyond_prompt|polygon_too_large,2.3681,0.2253,True,"[409.0, 412.0, 908.0, 894.0]"
d59b3facac1d4ce8507d1de491a583d6.jpg,4,fastsam,suspect,prompt_center_outside_polygon|polygon_extends_beyond_prompt,1.3276,0.0913,False,"[1.0, 448.0, 445.0, 710.0]"
d59b3facac1d4ce8507d1de491a583d6.jpg,5,fastsam,suspect,prompt_center_outside_polygon|polygon_extends_beyond_prompt|polygon_too_large,1.9435,0.1454,False,"[403.0, 683.0, 910.0, 898.0]"
d91d43318c1f87f3c3118f42de25de57.jpg,1,sam2-box,pass,,0.6515,0.8727,True,"[118.0, 642.0, 272.0, 784.0]"
d91d43318c1f87f3c3118f42de25de57.jpg,2,sam2-box,suspect,prompt_center_outside_polygon,0.2139,1.0,False,"[186.0, 442.0, 305.0, 588.0]"
d91d43318c1f87f3c3118f42de25de57.jpg,3,sam2-box,pass,,0.5311,0.7927,True,"[317.0, 230.0, 514.0, 500.0]"
d91d43318c1f87f3c3118f42de25de57.jpg,4,sam2-box,pass,,0.5811,0.9133,True,"[465.0, 389.0, 636.0, 628.0]"
d91d43318c1f87f3c3118f42de25de57.jpg,5,sam2-box,pass,,0.4051,0.9259,True,"[326.0, 603.0, 461.0, 858.0]"
d91d43318c1f87f3c3118f42de25de57.jpg,6,sam2-box,suspect,prompt_center_outside_polygon,0.3936,0.8582,False,"[562.0, 535.0, 777.0, 783.0]"
d91d43318c1f87f3c3118f42de25de57.jpg,7,sam2-box,suspect,prompt_center_outside_polygon,0.4256,0.8973,False,"[422.0, 732.0, 623.0, 987.0]"
d91d43318c1f87f3c3118f42de25de57.jpg,8,sam2-box,pass,,0.5491,0.9382,True,"[249.0, 866.0, 529.0, 1057.0]"
d91d43318c1f87f3c3118f42de25de57.jpg,9,sam2-box,pass,,0.4452,0.8855,True,"[512.0, 915.0, 747.0, 1067.0]"
d91d43318c1f87f3c3118f42de25de57.jpg,10,sam2-box,pass,,0.5785,0.9355,True,"[594.0, 1014.0, 819.0, 1192.0]"
d91d43318c1f87f3c3118f42de25de57.jpg,1,sam2-guided,pass,,0.3446,0.9757,True,"[122.0, 652.0, 237.0, 768.0]"
d91d43318c1f87f3c3118f42de25de57.jpg,2,sam2-guided,pass,,0.2791,1.0,True,"[187.0, 441.0, 327.0, 562.0]"
d91d43318c1f87f3c3118f42de25de57.jpg,3,sam2-guided,pass,,0.3704,0.9914,True,"[325.0, 257.0, 488.0, 469.0]"
d91d43318c1f87f3c3118f42de25de57.jpg,4,sam2-guided,pass,,0.3656,1.0,True,"[495.0, 389.0, 635.0, 596.0]"
d91d43318c1f87f3c3118f42de25de57.jpg,5,sam2-guided,pass,,0.3813,0.96,True,"[331.0, 604.0, 456.0, 858.0]"
d91d43318c1f87f3c3118f42de25de57.jpg,6,sam2-guided,suspect,prompt_center_outside_polygon,0.3936,0.8582,False,"[562.0, 535.0, 777.0, 783.0]"
d91d43318c1f87f3c3118f42de25de57.jpg,7,sam2-guided,pass,,0.297,0.9433,True,"[491.0, 748.0, 632.0, 942.0]"
d91d43318c1f87f3c3118f42de25de57.jpg,8,sam2-guided,pass,,0.4253,1.0,True,"[274.0, 879.0, 491.0, 1040.0]"
d91d43318c1f87f3c3118f42de25de57.jpg,9,sam2-guided,pass,,0.3509,1.0,True,"[521.0, 917.0, 747.0, 1039.0]"
d91d43318c1f87f3c3118f42de25de57.jpg,10,sam2-guided,pass,,0.3187,1.0,True,"[596.0, 1042.0, 771.0, 1188.0]"
d91d43318c1f87f3c3118f42de25de57.jpg,1,fastsam,pass,,0.2065,1.0,True,"[149.0, 654.0, 231.0, 731.0]"
d91d43318c1f87f3c3118f42de25de57.jpg,2,fastsam,suspect,polygon_extends_beyond_prompt,0.8952,0.5339,True,"[128.0, 392.0, 384.0, 579.0]"
d91d43318c1f87f3c3118f42de25de57.jpg,3,fastsam,suspect,polygon_extends_beyond_prompt,0.8905,0.4846,True,"[234.0, 208.0, 535.0, 516.0]"
d91d43318c1f87f3c3118f42de25de57.jpg,4,fastsam,suspect,polygon_extends_beyond_prompt|polygon_too_large,3.6902,0.0999,True,"[228.0, 129.0, 825.0, 871.0]"
d91d43318c1f87f3c3118f42de25de57.jpg,5,fastsam,suspect,prompt_center_outside_polygon|polygon_extends_beyond_prompt,0.3574,0.6528,False,"[405.0, 623.0, 564.0, 852.0]"
d91d43318c1f87f3c3118f42de25de57.jpg,6,fastsam,suspect,prompt_center_outside_polygon|polygon_extends_beyond_prompt,0.6623,0.266,False,"[492.0, 654.0, 812.0, 924.0]"
d91d43318c1f87f3c3118f42de25de57.jpg,7,fastsam,suspect,polygon_extends_beyond_prompt,0.7686,0.297,True,"[492.0, 654.0, 812.0, 924.0]"
d91d43318c1f87f3c3118f42de25de57.jpg,8,fastsam,suspect,prompt_center_outside_polygon,0.1527,0.8443,False,"[371.0, 939.0, 465.0, 1070.0]"
d91d43318c1f87f3c3118f42de25de57.jpg,9,fastsam,pass,,0.4635,0.83,True,"[499.0, 920.0, 727.0, 1076.0]"
d91d43318c1f87f3c3118f42de25de57.jpg,10,fastsam,suspect,polygon_extends_beyond_prompt|polygon_too_large,1.4906,0.3498,True,"[513.0, 943.0, 937.0, 1233.0]"
df5b39c10a2185218d507bfd6a9f26df.jpg,1,sam2-box,pass,,0.5482,0.9256,True,"[202.0, 845.0, 373.0, 1128.0]"
df5b39c10a2185218d507bfd6a9f26df.jpg,2,sam2-box,pass,,0.3545,1.0,True,"[320.0, 734.0, 475.0, 998.0]"
df5b39c10a2185218d507bfd6a9f26df.jpg,3,sam2-box,pass,,0.3667,0.9387,True,"[471.0, 768.0, 646.0, 1009.0]"
df5b39c10a2185218d507bfd6a9f26df.jpg,4,sam2-box,pass,,0.4431,0.8777,True,"[568.0, 693.0, 772.0, 944.0]"
df5b39c10a2185218d507bfd6a9f26df.jpg,5,sam2-box,pass,,0.3141,0.872,True,"[622.0, 257.0, 842.0, 446.0]"
df5b39c10a2185218d507bfd6a9f26df.jpg,6,sam2-box,pass,,0.503,0.9048,True,"[751.0, 405.0, 957.0, 659.0]"
df5b39c10a2185218d507bfd6a9f26df.jpg,7,sam2-box,pass,,0.5537,0.9312,True,"[895.0, 468.0, 1089.0, 713.0]"
df5b39c10a2185218d507bfd6a9f26df.jpg,8,sam2-box,pass,,0.6026,0.7643,True,"[1027.0, 571.0, 1278.0, 728.0]"
df5b39c10a2185218d507bfd6a9f26df.jpg,1,sam2-guided,pass,,0.4907,0.9819,True,"[202.0, 845.0, 368.0, 1115.0]"
df5b39c10a2185218d507bfd6a9f26df.jpg,2,sam2-guided,pass,,0.3554,1.0,True,"[323.0, 741.0, 474.0, 1001.0]"
df5b39c10a2185218d507bfd6a9f26df.jpg,3,sam2-guided,pass,,0.2686,1.0,True,"[472.0, 760.0, 604.0, 984.0]"
df5b39c10a2185218d507bfd6a9f26df.jpg,4,sam2-guided,pass,,0.4431,0.8777,True,"[568.0, 693.0, 772.0, 944.0]"
df5b39c10a2185218d507bfd6a9f26df.jpg,5,sam2-guided,pass,,0.291,0.8882,True,"[622.0, 258.0, 838.0, 440.0]"
df5b39c10a2185218d507bfd6a9f26df.jpg,6,sam2-guided,pass,,0.5138,0.9246,True,"[756.0, 397.0, 958.0, 660.0]"
df5b39c10a2185218d507bfd6a9f26df.jpg,7,sam2-guided,pass,,0.7163,0.879,True,"[893.0, 461.0, 1108.0, 716.0]"
df5b39c10a2185218d507bfd6a9f26df.jpg,8,sam2-guided,pass,,0.439,0.9498,True,"[1045.0, 583.0, 1247.0, 722.0]"
df5b39c10a2185218d507bfd6a9f26df.jpg,1,fastsam,suspect,polygon_extends_beyond_prompt|polygon_too_large,2.0654,0.2766,True,"[201.0, 854.0, 492.0, 1392.0]"
df5b39c10a2185218d507bfd6a9f26df.jpg,2,fastsam,suspect,prompt_center_outside_polygon|polygon_extends_beyond_prompt,0.3198,0.5441,False,"[385.0, 673.0, 543.0, 883.0]"
df5b39c10a2185218d507bfd6a9f26df.jpg,3,fastsam,suspect,polygon_extends_beyond_prompt,0.8749,0.3834,True,"[467.0, 736.0, 775.0, 1126.0]"
df5b39c10a2185218d507bfd6a9f26df.jpg,4,fastsam,suspect,polygon_extends_beyond_prompt,0.9831,0.3436,True,"[514.0, 657.0, 857.0, 1098.0]"
df5b39c10a2185218d507bfd6a9f26df.jpg,5,fastsam,pass,,0.4523,0.7613,True,"[626.0, 255.0, 878.0, 450.0]"
df5b39c10a2185218d507bfd6a9f26df.jpg,6,fastsam,suspect,prompt_center_outside_polygon|polygon_extends_beyond_prompt,0.4461,0.5725,False,"[643.0, 533.0, 934.0, 653.0]"
df5b39c10a2185218d507bfd6a9f26df.jpg,7,fastsam,suspect,polygon_extends_beyond_prompt,1.306,0.3177,True,"[791.0, 377.0, 1278.0, 659.0]"
df5b39c10a2185218d507bfd6a9f26df.jpg,8,fastsam,suspect,polygon_extends_beyond_prompt,1.0159,0.436,True,"[838.0, 574.0, 1278.0, 730.0]"
e0bd54d05d6cdad6e2adedb784be875c.jpg,1,sam2-box,pass,,0.5365,0.8763,True,"[94.0, 672.0, 261.0, 872.0]"
e0bd54d05d6cdad6e2adedb784be875c.jpg,2,sam2-box,pass,,0.7039,0.8745,True,"[181.0, 778.0, 366.0, 1057.0]"
e0bd54d05d6cdad6e2adedb784be875c.jpg,3,sam2-box,pass,,0.523,0.8655,True,"[312.0, 750.0, 514.0, 997.0]"
e0bd54d05d6cdad6e2adedb784be875c.jpg,4,sam2-box,pass,,0.4473,0.9673,True,"[508.0, 787.0, 688.0, 1049.0]"
e0bd54d05d6cdad6e2adedb784be875c.jpg,5,sam2-box,suspect,polygon_extends_beyond_prompt,0.6429,0.6845,True,"[621.0, 734.0, 871.0, 976.0]"
e0bd54d05d6cdad6e2adedb784be875c.jpg,6,sam2-box,pass,,0.4667,0.9476,True,"[667.0, 253.0, 810.0, 530.0]"
e0bd54d05d6cdad6e2adedb784be875c.jpg,7,sam2-box,suspect,prompt_center_outside_polygon,0.4151,0.8725,False,"[784.0, 226.0, 954.0, 527.0]"
e0bd54d05d6cdad6e2adedb784be875c.jpg,8,sam2-box,pass,,0.5984,0.9924,True,"[882.0, 376.0, 1040.0, 604.0]"
e0bd54d05d6cdad6e2adedb784be875c.jpg,9,sam2-box,pass,,0.365,0.8888,True,"[1023.0, 381.0, 1110.0, 682.0]"
e0bd54d05d6cdad6e2adedb784be875c.jpg,10,sam2-box,pass,,0.7182,0.769,True,"[1045.0, 190.0, 1248.0, 412.0]"
e0bd54d05d6cdad6e2adedb784be875c.jpg,1,sam2-guided,pass,,0.5365,0.8763,True,"[94.0, 672.0, 261.0, 872.0]"
e0bd54d05d6cdad6e2adedb784be875c.jpg,2,sam2-guided,pass,,0.4977,0.9295,True,"[183.0, 785.0, 340.0, 1034.0]"
e0bd54d05d6cdad6e2adedb784be875c.jpg,3,sam2-guided,pass,,0.459,0.9195,True,"[336.0, 755.0, 510.0, 996.0]"
e0bd54d05d6cdad6e2adedb784be875c.jpg,4,sam2-guided,pass,,0.3731,1.0,True,"[513.0, 798.0, 669.0, 1036.0]"
e0bd54d05d6cdad6e2adedb784be875c.jpg,5,sam2-guided,suspect,polygon_extends_beyond_prompt,0.6293,0.7123,True,"[623.0, 736.0, 865.0, 974.0]"
e0bd54d05d6cdad6e2adedb784be875c.jpg,6,sam2-guided,pass,,0.4814,0.9507,True,"[672.0, 254.0, 810.0, 528.0]"
e0bd54d05d6cdad6e2adedb784be875c.jpg,7,sam2-guided,pass,,0.3963,0.9343,True,"[772.0, 334.0, 906.0, 527.0]"
e0bd54d05d6cdad6e2adedb784be875c.jpg,8,sam2-guided,pass,,0.365,1.0,True,"[887.0, 376.0, 1022.0, 550.0]"
e0bd54d05d6cdad6e2adedb784be875c.jpg,9,sam2-guided,pass,,0.3509,0.9289,True,"[1024.0, 390.0, 1108.0, 678.0]"
e0bd54d05d6cdad6e2adedb784be875c.jpg,10,sam2-guided,pass,,0.2521,1.0,True,"[1092.0, 245.0, 1239.0, 380.0]"
e0bd54d05d6cdad6e2adedb784be875c.jpg,1,fastsam,suspect,polygon_extends_beyond_prompt,0.4777,0.618,True,"[140.0, 686.0, 307.0, 805.0]"
e0bd54d05d6cdad6e2adedb784be875c.jpg,2,fastsam,suspect,polygon_extends_beyond_prompt|polygon_too_large,1.3705,0.4785,True,"[186.0, 772.0, 396.0, 1231.0]"
e0bd54d05d6cdad6e2adedb784be875c.jpg,3,fastsam,suspect,polygon_extends_beyond_prompt|polygon_too_large,1.4129,0.3472,True,"[387.0, 745.0, 607.0, 1253.0]"
e0bd54d05d6cdad6e2adedb784be875c.jpg,4,fastsam,suspect,polygon_extends_beyond_prompt|polygon_too_large,1.4074,0.3877,True,"[506.0, 712.0, 775.0, 1162.0]"
e0bd54d05d6cdad6e2adedb784be875c.jpg,5,fastsam,suspect,polygon_extends_beyond_prompt,0.7312,0.6701,True,"[622.0, 732.0, 875.0, 974.0]"
e0bd54d05d6cdad6e2adedb784be875c.jpg,6,fastsam,pass,,0.316,0.915,True,"[693.0, 254.0, 814.0, 413.0]"
e0bd54d05d6cdad6e2adedb784be875c.jpg,7,fastsam,pass,,0.3171,0.9228,True,"[772.0, 335.0, 886.0, 492.0]"
e0bd54d05d6cdad6e2adedb784be875c.jpg,8,fastsam,suspect,polygon_extends_beyond_prompt,1.3278,0.5104,True,"[882.0, 376.0, 1064.0, 787.0]"
e0bd54d05d6cdad6e2adedb784be875c.jpg,9,fastsam,pass,,0.3973,0.8034,True,"[1026.0, 372.0, 1114.0, 705.0]"
e0bd54d05d6cdad6e2adedb784be875c.jpg,10,fastsam,suspect,polygon_extends_beyond_prompt,1.122,0.5328,True,"[980.0, 173.0, 1251.0, 396.0]"
ec02f0d2830587d57caadd728bdebe82.jpg,1,sam2-box,pass,,0.5773,0.8136,True,"[96.0, 577.0, 273.0, 734.0]"
ec02f0d2830587d57caadd728bdebe82.jpg,2,sam2-box,pass,,0.4308,0.9581,True,"[176.0, 360.0, 343.0, 550.0]"
ec02f0d2830587d57caadd728bdebe82.jpg,3,sam2-box,suspect,prompt_center_outside_polygon,0.1792,1.0,False,"[357.0, 247.0, 485.0, 482.0]"
ec02f0d2830587d57caadd728bdebe82.jpg,4,sam2-box,suspect,prompt_center_outside_polygon,0.3484,0.905,False,"[455.0, 342.0, 641.0, 613.0]"
ec02f0d2830587d57caadd728bdebe82.jpg,5,sam2-box,pass,,0.3805,0.9743,True,"[351.0, 583.0, 512.0, 809.0]"
ec02f0d2830587d57caadd728bdebe82.jpg,6,sam2-box,suspect,prompt_center_outside_polygon,0.3382,0.9726,False,"[561.0, 498.0, 758.0, 748.0]"
ec02f0d2830587d57caadd728bdebe82.jpg,7,sam2-box,suspect,prompt_center_outside_polygon,0.1855,0.993,False,"[450.0, 722.0, 622.0, 881.0]"
ec02f0d2830587d57caadd728bdebe82.jpg,8,sam2-box,pass,,0.3734,1.0,True,"[247.0, 854.0, 497.0, 1050.0]"
ec02f0d2830587d57caadd728bdebe82.jpg,9,sam2-box,pass,,0.4315,0.8804,True,"[482.0, 864.0, 706.0, 1037.0]"
ec02f0d2830587d57caadd728bdebe82.jpg,10,sam2-box,pass,,0.5723,0.9317,True,"[577.0, 1000.0, 828.0, 1189.0]"
ec02f0d2830587d57caadd728bdebe82.jpg,1,sam2-guided,pass,,0.4088,1.0,True,"[131.0, 591.0, 253.0, 728.0]"
ec02f0d2830587d57caadd728bdebe82.jpg,2,sam2-guided,pass,,0.3829,0.9938,True,"[176.0, 360.0, 337.0, 547.0]"
ec02f0d2830587d57caadd728bdebe82.jpg,3,sam2-guided,pass,,0.2142,1.0,True,"[354.0, 240.0, 485.0, 482.0]"
ec02f0d2830587d57caadd728bdebe82.jpg,4,sam2-guided,pass,,0.3764,0.9293,True,"[460.0, 375.0, 607.0, 601.0]"
ec02f0d2830587d57caadd728bdebe82.jpg,5,sam2-guided,pass,,0.3729,0.9829,True,"[352.0, 585.0, 507.0, 807.0]"
ec02f0d2830587d57caadd728bdebe82.jpg,6,sam2-guided,pass,,0.379,0.9776,True,"[562.0, 499.0, 758.0, 749.0]"
ec02f0d2830587d57caadd728bdebe82.jpg,7,sam2-guided,pass,,0.3324,0.989,True,"[449.0, 712.0, 649.0, 883.0]"
ec02f0d2830587d57caadd728bdebe82.jpg,8,sam2-guided,pass,,0.329,1.0,True,"[272.0, 857.0, 483.0, 1048.0]"
ec02f0d2830587d57caadd728bdebe82.jpg,9,sam2-guided,pass,,0.2989,0.9534,True,"[500.0, 864.0, 689.0, 1002.0]"
ec02f0d2830587d57caadd728bdebe82.jpg,10,sam2-guided,pass,,0.5014,0.9931,True,"[587.0, 1010.0, 812.0, 1185.0]"
ec02f0d2830587d57caadd728bdebe82.jpg,1,fastsam,suspect,prompt_center_outside_polygon|polygon_extends_beyond_prompt,0.1985,0.6835,False,"[96.0, 626.0, 187.0, 704.0]"
ec02f0d2830587d57caadd728bdebe82.jpg,2,fastsam,suspect,prompt_center_outside_polygon,0.462,0.7776,False,"[136.0, 408.0, 345.0, 551.0]"
ec02f0d2830587d57caadd728bdebe82.jpg,3,fastsam,suspect,prompt_center_outside_polygon|polygon_extends_beyond_prompt,0.247,0.6433,False,"[334.0, 105.0, 468.0, 313.0]"
ec02f0d2830587d57caadd728bdebe82.jpg,4,fastsam,suspect,prompt_center_outside_polygon|polygon_extends_beyond_prompt,0.3705,0.5568,False,"[525.0, 278.0, 677.0, 516.0]"
ec02f0d2830587d57caadd728bdebe82.jpg,5,fastsam,pass,,0.3435,0.9684,True,"[354.0, 582.0, 507.0, 797.0]"
ec02f0d2830587d57caadd728bdebe82.jpg,6,fastsam,suspect,prompt_center_outside_polygon|polygon_extends_beyond_prompt,0.6099,0.34,False,"[446.0, 594.0, 756.0, 884.0]"
ec02f0d2830587d57caadd728bdebe82.jpg,7,fastsam,suspect,polygon_extends_beyond_prompt,0.6404,0.4229,True,"[446.0, 594.0, 756.0, 884.0]"
ec02f0d2830587d57caadd728bdebe82.jpg,8,fastsam,suspect,prompt_center_outside_polygon|polygon_extends_beyond_prompt,0.9125,0.2846,False,"[2.0, 782.0, 390.0, 1020.0]"
ec02f0d2830587d57caadd728bdebe82.jpg,9,fastsam,pass,,0.3789,0.7626,True,"[458.0, 867.0, 672.0, 1018.0]"
ec02f0d2830587d57caadd728bdebe82.jpg,10,fastsam,suspect,polygon_extends_beyond_prompt,1.2331,0.335,True,"[465.0, 878.0, 869.0, 1169.0]"
ecd34e2fb116522263394fd443fab987.jpg,1,sam2-box,pass,,0.5873,0.9071,True,"[244.0, 233.0, 371.0, 348.0]"
ecd34e2fb116522263394fd443fab987.jpg,2,sam2-box,suspect,prompt_center_outside_polygon,0.3362,0.8384,False,"[354.0, 254.0, 463.0, 353.0]"
ecd34e2fb116522263394fd443fab987.jpg,3,sam2-box,pass,,0.5595,0.869,True,"[427.0, 316.0, 579.0, 467.0]"
ecd34e2fb116522263394fd443fab987.jpg,4,sam2-box,suspect,polygon_extends_beyond_prompt,0.7445,0.7022,True,"[616.0, 212.0, 769.0, 396.0]"
ecd34e2fb116522263394fd443fab987.jpg,5,sam2-box,pass,,0.4432,1.0,True,"[195.0, 595.0, 305.0, 754.0]"
ecd34e2fb116522263394fd443fab987.jpg,6,sam2-box,pass,,0.4893,0.9073,True,"[282.0, 511.0, 402.0, 711.0]"
ecd34e2fb116522263394fd443fab987.jpg,7,sam2-box,pass,,0.7151,0.8904,True,"[400.0, 480.0, 546.0, 663.0]"
ecd34e2fb116522263394fd443fab987.jpg,8,sam2-box,suspect,prompt_center_outside_polygon,0.192,0.9432,False,"[520.0, 634.0, 600.0, 729.0]"
ecd34e2fb116522263394fd443fab987.jpg,9,sam2-box,pass,,0.8312,0.8272,True,"[60.0, 813.0, 146.0, 991.0]"
ecd34e2fb116522263394fd443fab987.jpg,1,sam2-guided,pass,,0.5873,0.9071,True,"[244.0, 233.0, 371.0, 348.0]"
ecd34e2fb116522263394fd443fab987.jpg,2,sam2-guided,suspect,prompt_center_outside_polygon,0.3362,0.8384,False,"[354.0, 254.0, 463.0, 353.0]"
ecd34e2fb116522263394fd443fab987.jpg,3,sam2-guided,pass,,0.6773,0.811,True,"[416.0, 312.0, 580.0, 466.0]"
ecd34e2fb116522263394fd443fab987.jpg,4,sam2-guided,pass,,0.4058,1.0,True,"[640.0, 248.0, 743.0, 376.0]"
ecd34e2fb116522263394fd443fab987.jpg,5,sam2-guided,pass,,0.6328,0.9609,True,"[185.0, 583.0, 322.0, 752.0]"
ecd34e2fb116522263394fd443fab987.jpg,6,sam2-guided,pass,,0.43,0.9786,True,"[291.0, 519.0, 398.0, 706.0]"
ecd34e2fb116522263394fd443fab987.jpg,7,sam2-guided,pass,,0.5952,0.96,True,"[399.0, 487.0, 539.0, 661.0]"
ecd34e2fb116522263394fd443fab987.jpg,8,sam2-guided,pass,,0.51,0.9481,True,"[502.0, 541.0, 633.0, 723.0]"
ecd34e2fb116522263394fd443fab987.jpg,9,sam2-guided,pass,,0.519,0.9914,True,"[65.0, 831.0, 135.0, 980.0]"
ecd34e2fb116522263394fd443fab987.jpg,1,fastsam,suspect,polygon_extends_beyond_prompt|polygon_too_large,4.0507,0.0634,True,"[79.0, 286.0, 526.0, 616.0]"
ecd34e2fb116522263394fd443fab987.jpg,2,fastsam,suspect,prompt_center_outside_polygon,0.2961,0.8041,False,"[356.0, 251.0, 455.0, 348.0]"
ecd34e2fb116522263394fd443fab987.jpg,3,fastsam,suspect,polygon_extends_beyond_prompt,0.3503,0.6476,True,"[395.0, 339.0, 500.0, 445.0]"
ecd34e2fb116522263394fd443fab987.jpg,4,fastsam,suspect,polygon_extends_beyond_prompt|polygon_too_large,9.1432,0.0747,True,"[367.0, 6.0, 959.0, 463.0]"
ecd34e2fb116522263394fd443fab987.jpg,5,fastsam,suspect,prompt_center_outside_polygon|polygon_extends_beyond_prompt,0.3105,0.5614,False,"[263.0, 670.0, 330.0, 793.0]"
ecd34e2fb116522263394fd443fab987.jpg,6,fastsam,suspect,prompt_center_outside_polygon|polygon_extends_beyond_prompt,0.293,0.6559,False,"[363.0, 596.0, 438.0, 724.0]"
ecd34e2fb116522263394fd443fab987.jpg,7,fastsam,suspect,prompt_center_outside_polygon|polygon_extends_beyond_prompt,0.9496,0.1706,False,"[433.0, 590.0, 598.0, 926.0]"
ecd34e2fb116522263394fd443fab987.jpg,8,fastsam,suspect,prompt_center_outside_polygon|polygon_extends_beyond_prompt,0.697,0.3549,False,"[524.0, 634.0, 668.0, 843.0]"
ecd34e2fb116522263394fd443fab987.jpg,9,fastsam,suspect,polygon_extends_beyond_prompt|polygon_too_large,3.318,0.179,True,"[20.0, 753.0, 251.0, 1074.0]"
f03408b03bcc28080f07f84d2507868b.jpg,1,sam2-box,suspect,prompt_center_outside_polygon,0.188,0.8328,False,"[66.0, 773.0, 210.0, 918.0]"
f03408b03bcc28080f07f84d2507868b.jpg,2,sam2-box,pass,,0.2701,1.0,True,"[240.0, 753.0, 410.0, 933.0]"
f03408b03bcc28080f07f84d2507868b.jpg,3,sam2-box,suspect,prompt_center_outside_polygon,0.2004,0.8801,False,"[468.0, 633.0, 595.0, 819.0]"
f03408b03bcc28080f07f84d2507868b.jpg,4,sam2-box,suspect,prompt_center_outside_polygon,0.1955,0.7593,False,"[468.0, 634.0, 596.0, 819.0]"
f03408b03bcc28080f07f84d2507868b.jpg,5,sam2-box,suspect,prompt_center_outside_polygon,0.2164,1.0,False,"[614.0, 465.0, 743.0, 643.0]"
f03408b03bcc28080f07f84d2507868b.jpg,6,sam2-box,suspect,prompt_center_outside_polygon,0.2805,0.9334,False,"[775.0, 625.0, 945.0, 795.0]"
f03408b03bcc28080f07f84d2507868b.jpg,7,sam2-box,pass,,0.4012,0.9404,True,"[879.0, 599.0, 1083.0, 816.0]"
f03408b03bcc28080f07f84d2507868b.jpg,8,sam2-box,suspect,prompt_center_outside_polygon,0.2106,1.0,False,"[1051.0, 667.0, 1204.0, 806.0]"
f03408b03bcc28080f07f84d2507868b.jpg,1,sam2-guided,pass,,0.1487,0.9423,True,"[55.0, 662.0, 210.0, 846.0]"
f03408b03bcc28080f07f84d2507868b.jpg,2,sam2-guided,pass,,0.2615,1.0,True,"[242.0, 757.0, 409.0, 929.0]"
f03408b03bcc28080f07f84d2507868b.jpg,3,sam2-guided,pass,,0.374,0.9175,True,"[430.0, 635.0, 595.0, 891.0]"
f03408b03bcc28080f07f84d2507868b.jpg,4,sam2-guided,pass,,0.1637,1.0,True,"[560.0, 611.0, 653.0, 789.0]"
f03408b03bcc28080f07f84d2507868b.jpg,5,sam2-guided,suspect,prompt_center_outside_polygon,0.2182,1.0,False,"[615.0, 466.0, 749.0, 642.0]"
f03408b03bcc28080f07f84d2507868b.jpg,6,sam2-guided,pass,,0.2732,0.9448,True,"[774.0, 627.0, 943.0, 795.0]"
f03408b03bcc28080f07f84d2507868b.jpg,7,sam2-guided,pass,,0.4012,0.9404,True,"[879.0, 599.0, 1083.0, 816.0]"
f03408b03bcc28080f07f84d2507868b.jpg,8,sam2-guided,pass,,0.2123,1.0,True,"[1051.0, 667.0, 1204.0, 806.0]"
f03408b03bcc28080f07f84d2507868b.jpg,1,fastsam,suspect,prompt_center_outside_polygon,0.1678,0.8471,False,"[70.0, 776.0, 209.0, 915.0]"
f03408b03bcc28080f07f84d2507868b.jpg,2,fastsam,pass,,0.2307,1.0,True,"[244.0, 757.0, 409.0, 926.0]"
f03408b03bcc28080f07f84d2507868b.jpg,3,fastsam,suspect,prompt_center_outside_polygon,0.2377,0.77,False,"[370.0, 756.0, 515.0, 946.0]"
f03408b03bcc28080f07f84d2507868b.jpg,4,fastsam,suspect,prompt_center_outside_polygon,0.1898,0.7615,False,"[469.0, 633.0, 594.0, 817.0]"
f03408b03bcc28080f07f84d2507868b.jpg,5,fastsam,suspect,prompt_center_outside_polygon,0.1991,1.0,False,"[619.0, 467.0, 740.0, 639.0]"
f03408b03bcc28080f07f84d2507868b.jpg,6,fastsam,suspect,prompt_center_outside_polygon,0.2479,0.937,False,"[780.0, 628.0, 944.0, 792.0]"
f03408b03bcc28080f07f84d2507868b.jpg,7,fastsam,suspect,prompt_center_outside_polygon|polygon_extends_beyond_prompt,0.2616,0.3749,False,"[780.0, 628.0, 944.0, 792.0]"
f03408b03bcc28080f07f84d2507868b.jpg,8,fastsam,suspect,prompt_center_outside_polygon|polygon_extends_beyond_prompt,0.5449,0.3889,False,"[1057.0, 490.0, 1277.0, 803.0]"
f5e4fc362a7b4115cbf3607d22d87e72.jpg,1,sam2-box,pass,,0.4573,0.9914,True,"[101.0, 531.0, 255.0, 729.0]"
f5e4fc362a7b4115cbf3607d22d87e72.jpg,2,sam2-box,pass,,0.173,1.0,True,"[329.0, 710.0, 423.0, 817.0]"
f5e4fc362a7b4115cbf3607d22d87e72.jpg,3,sam2-box,suspect,prompt_center_outside_polygon,0.3304,0.9473,False,"[451.0, 591.0, 574.0, 839.0]"
f5e4fc362a7b4115cbf3607d22d87e72.jpg,4,sam2-box,suspect,prompt_center_outside_polygon|polygon_too_small,0.0476,1.0,False,"[742.0, 569.0, 770.0, 697.0]"
f5e4fc362a7b4115cbf3607d22d87e72.jpg,5,sam2-box,pass,,0.4514,0.9722,True,"[699.0, 467.0, 859.0, 707.0]"
f5e4fc362a7b4115cbf3607d22d87e72.jpg,6,sam2-box,pass,,0.3901,0.9997,True,"[846.0, 528.0, 1007.0, 743.0]"
f5e4fc362a7b4115cbf3607d22d87e72.jpg,7,sam2-box,pass,,0.4116,0.8394,True,"[937.0, 479.0, 1127.0, 680.0]"
f5e4fc362a7b4115cbf3607d22d87e72.jpg,8,sam2-box,pass,,0.3781,0.9465,True,"[1081.0, 512.0, 1260.0, 657.0]"
f5e4fc362a7b4115cbf3607d22d87e72.jpg,1,sam2-guided,pass,,0.4573,0.9914,True,"[101.0, 531.0, 255.0, 729.0]"
f5e4fc362a7b4115cbf3607d22d87e72.jpg,2,sam2-guided,pass,,0.3121,1.0,True,"[309.0, 641.0, 453.0, 817.0]"
f5e4fc362a7b4115cbf3607d22d87e72.jpg,3,sam2-guided,pass,,0.3316,0.9345,True,"[459.0, 654.0, 574.0, 838.0]"
f5e4fc362a7b4115cbf3607d22d87e72.jpg,4,sam2-guided,suspect,prompt_center_outside_polygon|polygon_too_small,0.0476,1.0,False,"[742.0, 569.0, 770.0, 697.0]"
f5e4fc362a7b4115cbf3607d22d87e72.jpg,5,sam2-guided,pass,,0.3801,0.9752,True,"[700.0, 493.0, 839.0, 705.0]"
f5e4fc362a7b4115cbf3607d22d87e72.jpg,6,sam2-guided,pass,,0.3131,1.0,True,"[847.0, 577.0, 999.0, 743.0]"
f5e4fc362a7b4115cbf3607d22d87e72.jpg,7,sam2-guided,pass,,0.405,0.8379,True,"[936.0, 479.0, 1122.0, 675.0]"
f5e4fc362a7b4115cbf3607d22d87e72.jpg,8,sam2-guided,pass,,0.2802,0.9895,True,"[1081.0, 513.0, 1239.0, 658.0]"
f5e4fc362a7b4115cbf3607d22d87e72.jpg,1,fastsam,suspect,polygon_extends_beyond_prompt,0.7565,0.4335,True,"[16.0, 472.0, 210.0, 728.0]"
f5e4fc362a7b4115cbf3607d22d87e72.jpg,2,fastsam,pass,,0.3334,0.7464,True,"[332.0, 711.0, 464.0, 865.0]"
f5e4fc362a7b4115cbf3607d22d87e72.jpg,3,fastsam,pass,,0.3088,0.9353,True,"[461.0, 666.0, 575.0, 837.0]"
f5e4fc362a7b4115cbf3607d22d87e72.jpg,4,fastsam,suspect,prompt_center_outside_polygon|polygon_extends_beyond_prompt,0.3199,0.6714,False,"[701.0, 549.0, 838.0, 707.0]"
f5e4fc362a7b4115cbf3607d22d87e72.jpg,5,fastsam,pass,,0.3445,0.9821,True,"[701.0, 549.0, 838.0, 707.0]"
f5e4fc362a7b4115cbf3607d22d87e72.jpg,6,fastsam,pass,,0.2957,1.0,True,"[850.0, 590.0, 999.0, 742.0]"
f5e4fc362a7b4115cbf3607d22d87e72.jpg,7,fastsam,suspect,polygon_extends_beyond_prompt|polygon_too_large,1.4266,0.2762,True,"[850.0, 359.0, 1258.0, 742.0]"
f5e4fc362a7b4115cbf3607d22d87e72.jpg,8,fastsam,suspect,polygon_extends_beyond_prompt,0.5267,0.6205,True,"[1086.0, 458.0, 1278.0, 654.0]"
